14,1,-13,1,-11,1,-10,1,-8,1,-6,0,-3,0,-1,-1,1,-1,3,-2,5,-3,7,-4,8,-5,0,0,10,-7,11,-7,11,-7,10,-8,9,-7,8,-6,7,-6,5,-5,4,-4,2,-2,0,-1,-2,1,-3,2,-5,3,-6,4,-7,5,-8,5,-8,6,-8,6,-8,7,-8,6,-8,5,-7,4,-6,3,-5,2,-3,1,0,0,0,0,0,0,0,0,0,0]
CSI_DATA,2412,68:dd:b7:b0:aa:3f,-37,11,1,7,1,1,1,1,1,0,0,-97,0,11,2,101132428,0,84,0,128,0,[0,0,0,0,0,0,0,0,0,0,0,0,-5,-10,-5,-12,-5,-13,-6,-13,-6,-14,-6,-13,-6,-13,-6,-11,-5,-9,-4,-8,-3,-6,-1,-3,0,-1,1,2,2,4,3,6,4,7,5,8,6,10,7,10,7,10,7,10,7,10,6,9,6,8,5,6,0,0,3,3,1,1,0,-1,-1,-3,-3,-5,-4,-7,-5,-8,-6,-9,-7,-10,-7,-11,-7,-11,-7,-11,-6,-10,-5,-9,-5,-9,-4,-8,-3,-6,-2,-4,-1,-3,0,-1,1,1,1,3,2,5,2,6,2,7,2,7,0,0,0,0,0,0,0,0,0,0]
CSI_DATA,2413,68:dd:b7:b0:aa:3f,-37,11,1,7,1,1,1,1,1,0,0,-97,0,11,2,101132962,0,67,0,128,0,[0,0,0,0,0,0,0,0,0,0,0,0,7,7,9,8,9,9,9,9,10,9,10,9,9,8,8,7,7,6,5,5,3,3,1,2,-1,0,-3,-1,-5,-3,-7,-4,-9,-5,-10,-5,-11,-6,-12,-6,-12,-5,-12,-6,-12,-5,-11,-4,-10,-4,-9,-3,0,0,-5,-2,-3,-1,0,0,2,0,4,1,6,2,8,2,9,3,11,3,11,3,11,3,10,3,10,3,9,3,8,3,6,2,4,1,3,1,1,0,-1,0,-3,-1,-4,-2,-6,-2,-7,-3,-7,-3,-7,-4,0,0,0,0,0,0,0,0,0,0]
CSI_DATA,2414,68:dd:b7:b0:aa:3f,-36,11,1,6,1,1,1,1,1,0,0,-97,0,11,2,101210189,0,84,0,128,0,[0,0,0,0,0,0,0,0,0,0,0,0,0,-9,0,-7,0,-4,-1,-2,-1,1,-2,3,-2,5,-3,7,-3,8,-4,11,-5,11,-5,11,-5,11,-5,11,-4,10,-4,9,-3,7,-3,6,-1,4,-1,2,1,0,1,-2,3,-3,4,-5,5,-7,6,-7,0,0,7,-9,8,-10,8,-10,8,-9,8,-9,7,-8,6,-7,5,-5,3,-4,1,-3,0,-2,-2,-1,-4,0,-5,0,-6,1,-8,1,-9,1,-10,1,-10,1,-10,1,-10,0,-10,0,-9,0,-8,-1,-6,-1,-4,-1,0,0,0,0,0,0,0,0,0,0]
CSI_DATA,2415,68:dd:b7:b0:aa:3f,-37,11,1,7,1,1,1,1,1,0,0,-97,0,11,2,101240227,0,67,0,128,0,[0,0,0,0,0,0,0,0,0,0,0,0,-6,-7,-4,-5,-3,-3,-1,-1,0,1,1,3,2,5,3,7,4,8,4,10,5,10,4,11,5,11,4,11,4,10,3,8,3,7,2,6,2,3,1,1,1,-1,0,-3,0,-5,0,-7,0,-9,0,-10,0,0,0,-12,0,-13,0,-13,0,-13,0,-11,0,-11,0,-9,0,-8,-1,-6,-1,-4,-2,-2,-2,0,-3,2,-4,3,-4,5,-5,5,-6,6,-6,7,-7,7,-7,7,-7,6,-7,6,-7,5,-6,4,-5,3,-4,2,0,0,0,0,0,0,0,0,0,0]
CSI_DATA,2416,68:dd:b7:b0:aa:3f,-36,11,1,7,1,1,1,1,1,0,0,-97,0,11,2,101244653,0,84,0,128,0,[0,0,0,0,0,0,0,0,0,0,0,0,-3,-9,-2,-7,-1,-4,-1,-1,0,1,0,3,1,5,1,7,2,9,2,11,1,11,1,12,2,13,1,12,1,11,1,10,1,8,1,6,1,4,1,2,1,-1,0,-3,0,-5,0,-7,0,-9,0,-10,0,0,0,-12,0,-14,0,-13,0,-13,0,-12,0,-11,0,-10,0,-8,-1,-6,-1,-4,-1,-1,-2,1,-3,2,-3,4,-4,5,-4,6,-5,8,-5,8,-5,8,-6,8,-6,8,-6,7,-6,6,-5,4,-4,3,-3,2,0,0,0,0,0,0,0,0,0,0]
CSI_DATA,2417,68:dd:b7:b0:aa:3f,-37,11,1,7,1,1,1,1,1,0,0,-97,0,11,2,101312864,0,67,0,128,0,[0,0,0,0,0,0,0,0,0,0,0,0,-3,8,-2,6,-2,3,-1,1,0,-2,0,-4,1,-7,1,-9,2,-11,2,-13,3,-13,3,-14,3,-14,3,-13,2,-12,2,-11,2,-9,1,-7,0,-5,0,-3,-1,-1,-2,2,-2,4,-3,6,-3,8,-4,9,0,0,-5,11,-4,12,-5,12,-5,12,-4,11,-4,10,-3,8,-2,6,-2,4,-1,2,0,0,1,-2,2,-3,3,-5,4,-6,5,-7,5,-8,6,-9,6,-9,6,-9,6,-8,6,-7,5,-6,4,-5,3,-3,2,-2,0,0,0,0,0,0,0,0,0,0]
CSI_DATA,2418,68:dd:b7:b0:aa:3f,-37,11,1,7,1,1,1,1,1,0,0,-97,0,11,2,101361198,0,84,0,128,0,[0,0,0,0,0,0,0,0,0,0,0,0,7,-5,5,-3,2,-2,0,-1,-2,0,-5,0,-7,1,-9,2,-11,2,-12,2,-13,2,-14,1,-13,1,-13,1,-12,1,-11,1,-9,1,-7,0,-5,1,-3,1,0,1,2,1,4,1,6,2,8,2,9,2,0,0,11,3,11,3,11,4,11,4,10,3,9,3,8,2,6,2,5,1,3,0,1,-1,0,-2,-2,-4,-3,-5,-4,-6,-5,-7,-5,-8,-6,-9,-6,-10,-6,-10,-5,-10,-4,-9,-4,-8,-3,-7,-2,-6,-1,-4,0,0,0,0,0,0,0,0,0,0]
CSI_DATA,2419,68:dd:b7:b0:aa:3f,-37,11,1,7,1,1,1,1,1,0,0,-97,0,11,2,101365574,0,67,0,128,0,[0,0,0,0,0,0,0,0,0,0,0,0,6,-6,4,-4,2,-3,0,-1,-2,0,-4,1,-6,2,-8,4,-10,4,-11,4,-12,5,-13,4,-12,4,-12,4,-11,4,-10,3,-9,3,-7,2,-4,2,-2,1,0,1,2,1,4,0,6,0,8,0,10,-1,0,0,12,0,12,0,12,0,12,0,11,0,10,0,8,0,6,-1,5,-1,3,-1,1,-1,-1,-2,-3,-3,-5,-4,-6,-4,-7,-5,-8,-6,-9,-7,-9,-7,-9,-7,-8,-7,-7,-7,-6,-6,-5,-5,-4,-5,-2,-4,0,0,0,0,0,0,0,0,0,0]
CSI_DATA,2420,68:dd:b7:b0:aa:3f,-37,11,1,6,1,1,1,1,1,0,0,-97,0,11,2,101429567,0,84,0,128,0,[0,0,0,0,0,0,0,0,0,0,0,0,-1,-9,-1,-7,-1,-4,-1,-1,-2,1,-2,4,-2,6,-3,8,-4,10,-4,11,-5,11,-6,12,-6,12,-6,12,-5,10,-5,9,-4,7,-3,6,-2,4,-1,2,1,0,3,-1,4,-3,5,-4,7,-5,8,-6,0,0,10,-7,10,-8,11,-7,10,-7,10,-7,9,-6,7,-5,6,-4,4,-4,2,-3,0,-2,-2,-2,-4,-2,-6,-2,-7,-2,-8,-3,-10,-3,-10,-3,-10,-4,-10,-4,-10,-4,-9,-4,-8,-4,-7,-4,-5,-4,-4,-3,0,0,0,0,0,0,0,0,0,0]
CSI_DATA,2421,68:dd:b7:b0:aa:3f,-37,11,1,7,1,1,1,1,1,0,0,-97,0,11,2,101430066,0,67,0,128,0,[0,0,0,0,0,0,0,0,0,0,0,0,-6,6,-5,4,-2,2,0,1,1,-1,3,-3,5,-4,7,-5,9,-5,10,-6,11,-6,12,-6,12,-6,11,-6,10,-5,9,-5,8,-4,6,-3,3,-3,1,-3,-1,-2,-3,-2,-5,-2,-7,-2,-9,-2,-11,-2,0,0,-13,-3,-13,-2,-13,-2,-13,-3,-12,-3,-11,-3,-9,-2,-8,-2,-6,-2,-4,-1,-2,0,0,2,1,3,3,4,4,5,4,6,5,7,5,8,5,9,5,9,4,9,4,8,3,7,2,6,1,5,0,3,0,0,0,0,0,0,0,0,0,0]
CSI_DATA,2422,68:dd:b7:b0:aa:3f,-37,11,1,7,1,1,1,1,1,0,0,-97,0,11,2,101503085,0,84,0,128,0,[0,0,0,0,0,0,0,0,0,0,0,0,8,4,6,3,3,2,1,1,-2,-1,-4,-2,-6,-3,-9,-4,-10,-4,-12,-6,-13,-6,-13,-7,-13,-7,-12,-7,-12,-6,-11,-5,-9,-4,-7,-3,-5,-2,-3,-1,-1,0,1,1,4,2,6,3,7,4,9,4,0,0,11,5,12,5,12,5,11,5,11,5,10,4,8,3,6,2,4,1,2,0,0,-1,-2,-2,-3,-3,-5,-4,-6,-5,-7,-6,-8,-7,-9,-7,-9,-7,-9,-7,-8,-7,-7,-7,-6,-6,-5,-6,-4,-4,-2,-3,0,0,0,0,0,0,0,0,0,0]
CSI_DATA,2423,68:dd:b7:b0:aa:3f,-37,11,1,7,1,1,1,1,1,0,0,-97,0,11,2,101503601,0,67,0,128,0,[0,0,0,0,0,0,0,0,0,0,0,0,6,6,4,5,2,3,0,1,-2,-1,-3,-3,-5,-5,-6,-7,-8,-8,-9,-10,-10,-10,-10,-11,-10,-11,-10,-10,-9,-10,-8,-8,-7,-7,-6,-5,-4,-4,-3,-2,-1,0,1,2,2,3,4,5,5,6,6,8,0,0,7,9,8,10,9,10,8,9,8,9,6,8,5,7,4,5,3,3,2,1,0,0,-1,-2,-2,-4,-3,-6,-4,-7,-4,-8,-5,-10,-5,-10,-5,-10,-4,-10,-4,-10,-3,-10,-3,-9,-2,-7,-2,-6,-1,-4,0,0,0,0,0,0,0,0,0,0]
CSI_DATA,2424,68:dd:b7:b0:aa:3f,-37,11,1,7,1,1,1,1,1,0,0,-97,0,11,2,101576049,0,84,0,128,0,[0,0,0,0,0,0,0,0,0,0,0,0,8,1,6,1,3,1,1,0,-2,-1,-4,-2,-6,-3,-8,-4,-10,-5,-11,-6,-12,-6,-12,-7,-12,-7,-12,-7,-11,-7,-10,-6,-8,-5,-7,-4,-5,-3,-3,-1,-2,1,0,2,2,3,3,5,4,7,6,7,0,0,7,9,7,10,7,10,7,10,6,9,5,8,5,7,4,5,3,4,2,2,1,0,0,-2,0,-4,0,-6,0,-7,0,-8,0,-10,0,-11,0,-11,0,-11,0,-11,1,-10,1,-8,1,-7,1,-6,1,-4,0,0,0,0,0,0,0,0,0,0]
CSI_DATA,2425,68:dd:b7:b0:aa:3f,-37,11,1,7,1,1,1,1,1,0,0,-97,0,11,2,101576815,0,67,0,128,0,[0,0,0,0,0,0,0,0,0,0,0,0,4,7,3,5,1,3,0,0,-1,-2,-2,-4,-3,-7,-3,-9,-4,-10,-4,-12,-4,-13,-4,-14,-4,-14,-4,-13,-3,-12,-3,-10,-3,-9,-3,-7,-2,-5,-2,-3,-2,0,-2,2,-2,4,-2,6,-2,8,-3,9,0,0,-3,12,-3,12,-3,13,-3,12,-3,11,-3,10,-3,8,-2,6,-1,5,-1,3,0,1,1,-1,2,-2,4,-4,4,-5,6,-6,7,-6,7,-7,8,-7,8,-6,8,-6,8,-5,7,-4,6,-4,4,-3,3,-2,0,0,0,0,0,0,0,0,0,0]
CSI_DATA,2426,68:dd:b7:b0:aa:3f,-37,11,1,7,1,1,1,1,1,0,0,-97,0,11,2,101649797,0,84,0,128,0,[0,0,0,0,0,0,0,0,0,0,0,0,3,-11,4,-12,5,-13,6,-13,6,-13,5,-12,5,-11,4,-10,4,-8,3,-6,1,-4,0,-2,-2,0,-4,1,-5,3,-6,4,-8,6,-9,7,-10,7,-11,8,-10,8,-10,7,-10,7,-10,6,-8,5,-7,5,0,0,-3,3,-1,2,1,1,3,1,5,0,7,0,8,-1,10,-1,10,-1,11,-1,11,0,11,0,10,1,9,1,8,0,7,0,5,0,4,0,2,-1,0,-2,-1,-2,-3,-3,-4,-4,-5,-5,-5,-5,-5,-6,0,0,0,0,0,0,0,0,0,0]
CSI_DATA,2427,68:dd:b7:b0:aa:3f,-37,11,1,7,1,1,1,1,1,0,0,-97,0,11,2,101687511,0,67,0,128,0,[0,0,0,0,0,0,0,0,0,0,0,0,-10,6,-11,6,-13,7,-13,6,-13,6,-12,6,-11,5,-10,4,-9,3,-7,2,-4,1,-2,1,1,0,3,0,5,-1,7,-1,9,-1,10,-1,12,-1,12,-1,13,-2,12,-1,12,-1,11,-1,10,-1,8,-1,0,0,4,-2,2,-2,0,-3,-2,-3,-5,-4,-6,-5,-8,-5,-9,-6,-9,-6,-10,-7,-10,-7,-10,-8,-9,-8,-8,-7,-7,-6,-6,-5,-5,-5,-4,-3,-3,-2,-2,0,-1,1,0,3,0,5,0,6,0,6,0,6,0,0,0,0,0,0,0,0,0,0]
CSI_DATA,2428,68:dd:b7:b0:aa:3f,-32,11,1,0,1,1,1,1,1,0,0,-97,0,11,2,101690298,0,84,0,128,0,[0,0,0,0,0,0,0,0,0,0,0,0,-4,10,-4,11,-5,12,-7,13,-7,12,-6,11,-6,10,-5,9,-5,7,-4,5,-3,4,-1,1,1,-1,2,-3,4,-4,5,-6,6,-7,7,-7,8,-8,9,-9,10,-8,9,-9,9,-8,8,-8,8,-7,6,-7,0,0,2,-4,0,-3,-2,-2,-4,-1,-6,-1,-8,0,-10,0,-11,1,-12,1,-12,1,-13,1,-12,0,-11,0,-11,0,-10,-1,-9,0,-7,-1,-5,0,-3,0,-1,0,0,1,2,2,3,3,4,3,4,4,5,4,0,0,0,0,0,0,0,0,0,0]
CSI_DATA,2429,68:dd:b7:b0:aa:3f,-35,11,1,6,1,1,1,1,1,0,0,-97,0,11,2,101772500,0,84,0,128,0,[0,0,0,0,0,0,0,0,0,0,0,0,-11,-2,-13,-2,-15,-2,-16,-3,-16,-3,-16,-3,-15,-3,-14,-3,-12,-3,-10,-3,-8,-2,-5,-1,-2,0,0,1,3,2,5,3,8,4,10,4,12,5,13,6,13,5,13,6,13,6,13,6,12,5,10,4,0,0,6,2,4,1,2,-1,0,-3,-3,-5,-5,-6,-6,-8,-8,-10,-7,-11,-8,-12,-8,-12,-9,-13,-8,-12,-7,-12,-6,-11,-5,-10,-4,-8,-3,-6,-2,-4,-2,-2,-1,1,-1,3,-1,5,-1,7,-1,7,-2,8,0,0,0,0,0,0,0,0,0,0]
CSI_DATA,2430,68:dd:b7:b0:aa:3f,-35,11,1,6,1,1,1,1,1,0,0,-97,0,11,2,101772981,0,67,0,128,0,[0,0,0,0,0,0,0,0,0,0,0,0,11,0,9,0,7,0,4,0,1,0,-2,-1,-5,-1,-7,-1,-10,-1,-12,-2,-13,-2,-14,-3,-15,-3,-15,-2,-15,-2,-13,-2,-12,-1,-10,-1,-8,-1,-6,0,-3,0,-1,1,2,1,5,2,7,3,9,3,0,0,12,3,14,4,14,4,14,4,13,4,12,4,10,3,9,3,7,2,5,1,2,0,0,-2,-2,-3,-4,-4,-6,-5,-7,-6,-8,-8,-9,-8,-9,-9,-9,-10,-9,-10,-8,-10,-7,-9,-5,-8,-4,-7,-3,-5,0,0,0,0,0,0,0,0,0,0]
CSI_DATA,2431,68:dd:b7:b0:aa:3f,-32,11,1,5,1,1,1,1,1,0,0,-97,0,11,2,101842199,0,84,0,128,0,[0,0,0,0,0,0,0,0,0,0,0,0,8,-11,7,-10,5,-8,3,-7,1,-5,0,-5,-3,-3,-5,-2,-8,-1,-10,-1,-12,-1,-13,-1,-14,-1,-15,-1,-15,-1,-15,-1,-14,-1,-12,-1,-11,-1,-9,0,-7,0,-4,1,-3,2,0,4,2,5,3,7,0,0,6,10,7,11,7,12,6,13,6,14,5,13,4,12,3,11,2,9,2,7,1,5,1,2,2,0,3,-2,4,-4,5,-6,6,-7,8,-8,9,-8,10,-8,10,-8,10,-7,10,-6,10,-4,8,-3,7,-2,0,0,0,0,0,0,0,0,0,0]
CSI_DATA,2432,68:dd:b7:b0:aa:3f,-33,11,1,6,1,1,1,1,1,0,0,-97,0,11,2,101842841,0,67,0,128,0,[0,0,0,0,0,0,0,0,0,0,0,0,5,11,5,10,4,8,4,6,3,3,3,1,2,-2,2,-4,2,-6,3,-9,3,-11,4,-11,4,-13,5,-13,5,-13,5,-13,4,-12,4,-11,3,-10,2,-8,1,-6,-1,-5,-2,-3,-4,-1,-7,0,-8,1,0,0,-12,3,-13,3,-15,3,-15,3,-16,2,-15,1,-14,1,-12,0,-10,0,-8,0,-6,0,-3,1,-1,2,1,3,2,4,4,5,4,7,5,8,6,9,6,10,5,11,4,11,3,10,1,9,0,8,0,6,0,0,0,0,0,0,0,0,0,0]
CSI_DATA,2433,68:dd:b7:b0:aa:3f,-40,11,1,6,1,1,1,1,1,0,0,-97,0,11,2,101914327,0,84,0,128,0,[0,0,0,0,0,0,0,0,0,0,0,0,5,7,5,6,5,6,4,5,5,4,5,3,6,3,6,3,7,3,8,4,7,4,7,4,7,4,7,4,6,4,6,4,6,3,6,3,6,2,7,2,7,2,8,2,8,2,8,3,8,3,8,3,0,0,7,4,6,4,6,4,6,3,5,3,6,2,6,2,6,2,6,2,7,2,7,2,7,3,6,4,6,4,5,5,4,5,4,4,4,4,3,4,3,4,3,3,3,3,3,2,3,2,2,2,2,2,0,0,0,0,0,0,0,0,0,0]
CSI_DATA,2434,68:dd:b7:b0:aa:3f,-40,11,1,6,1,1,1,1,1,0,0,-97,0,11,2,101914763,0,67,0,128,0,[0,0,0,0,0,0,0,0,0,0,0,0,1,-10,2,-9,1,-7,1,-7,-1,-8,-2,-7,0,-8,-3,-6,0,-12,-3,-5,-3,-5,-3,-4,-3,-5,-3,-5,-3,-6,2,-9,1,-8,-1,-8,-1,-8,-3,-9,-1,-6,-3,-13,-2,-3,-3,-4,-3,-4,-2,-5,0,0,0,-7,1,-10,0,-9,3,-7,2,-7,-1,-7,0,-7,1,-6,-2,-10,2,-4,2,-4,2,-4,2,-4,2,-4,3,-9,3,-8,3,-5,4,-5,3,-5,4,-5,3,-4,2,-4,3,-3,2,-2,2,-2,2,-2,0,0,0,0,0,0,0,0,0,0]
CSI_DATA,2435,68:dd:b7:b0:aa:3f,-43,11,1,6,1,1,1,1,1,0,0,-97,0,11,2,101981963,0,84,0,128,0,[0,0,0,0,0,0,0,0,0,0,0,0,-2,-8,-2,-9,-1,-9,-1,-9,0,-9,0,-8,0,-7,-1,-6,-1,-5,-2,-4,-3,-3,-4,-3,-5,-2,-6,-2,-7,-2,-7,-3,-7,-3,-7,-3,-6,-2,-6,-2,-6,-1,-5,0,-5,1,-5,2,-5,3,-5,4,0,0,-6,5,-7,5,-7,5,-8,5,-7,4,-7,3,-6,3,-5,2,-4,2,-3,2,-1,2,0,3,1,4,1,5,1,6,1,7,0,7,0,8,-1,7,-2,7,-2,6,-2,4,-2,3,-1,2,-1,1,0,1,0,0,0,0,0,0,0,0,0,0]
CSI_DATA,2436,68:dd:b7:b0:aa:3f,-43,11,1,6,1,1,1,1,1,0,0,-97,0,11,2,101984584,0,67,0,128,0,[0,0,0,0,0,0,0,0,0,0,0,0,-2,-6,-3,-7,-3,-7,-2,-7,-2,-7,-2,-6,-2,-6,-2,-5,-2,-3,-3,-2,-4,-2,-4,-1,-5,0,-5,0,-6,1,-6,0,-6,0,-6,0,-5,1,-5,1,-4,1,-3,2,-2,2,-2,3,-1,4,-1,5,0,0,-1,7,-1,7,-1,7,-2,8,-2,7,-2,6,-2,5,-2,3,-1,2,0,1,1,0,2,0,4,0,5,0,6,0,6,1,6,2,6,3,6,3,5,4,4,4,2,3,2,2,1,1,0,0,0,-1,0,0,0,0,0,0,0,0,0,0]
CSI_DATA,2437,68:dd:b7:b0:aa:3f,-40,11,1,7,1,1,1,1,1,0,0,-97,0,11,2,102069035,0,84,0,128,0,[0,0,0,0,0,0,0,0,0,0,0,0,2,-13,1,-14,1,-15,0,-15,0,-14,-1,-13,-1,-11,-1,-9,-1,-6,-1,-3,0,0,0,3,1,6,1,8,1,10,1,12,2,12,2,13,2,12,1,11,1,9,1,7,0,5,-1,2,-2,-1,-3,-4,0,0,-5,-9,-5,-12,-6,-13,-6,-15,-6,-15,-6,-15,-6,-14,-5,-13,-4,-11,-3,-8,-2,-6,-1,-2,0,0,1,3,1,6,2,8,2,10,3,12,3,13,3,13,3,13,2,12,2,10,1,8,1,6,1,3,0,0,0,0,0,0,0,0,0,0]
CSI_DATA,2438,68:dd:b7:b0:aa:3f,-40,11,1,7,1,1,1,1,1,0,0,-97,0,11,2,102069461,0,67,0,128,0,[0,0,0,0,0,0,0,0,0,0,0,0,-7,10,-7,12,-7,13,-6,13,-6,13,-5,11,-4,9,-3,8,-2,5,-1,2,-1,-1,0,-4,1,-7,1,-10,2,-12,1,-13,1,-14,1,-14,2,-13,1,-12,1,-10,1,-8,1,-6,1,-3,0,0,1,3,0,0,1,9,1,12,1,14,1,15,1,15,0,15,0,14,0,13,0,11,-1,8,-1,5,0,2,0,-1,-1,-5,-1,-7,0,-10,0,-12,0,-14,0,-15,0,-15,1,-15,0,-14,0,-12,0,-9,0,-7,-1,-5,0,0,0,0,0,0,0,0,0,0]
CSI_DATA,2439,68:dd:b7:b0:aa:3f,-35,11,1,7,1,1,1,1,1,0,0,-97,0,11,2,102137222,0,84,0,128,0,[0,0,0,0,0,0,0,0,0,0,0,0,-10,-8,-7,-6,-5,-3,-3,0,-1,3,1,5,2,8,4,10,4,12,5,14,5,15,4,15,4,15,3,14,3,12,2,10,1,7,1,4,0,1,0,-3,0,-6,1,-9,0,-11,1,-13,1,-15,2,-16,0,0,3,-16,3,-15,3,-13,3,-11,2,-8,1,-6,-1,-3,-2,0,-4,2,-5,4,-7,6,-9,7,-11,7,-12,8,-12,7,-12,7,-12,6,-11,5,-10,5,-8,4,-6,3,-3,2,-1,1,1,1,3,1,4,1,0,0,0,0,0,0,0,0,0,0]
CSI_DATA,2440,68:dd:b7:b0:aa:3f,-34,11,1,7,1,1,1,1,1,0,0,-97,0,11,2,102145441,0,67,0,128,0,[0,0,0,0,0,0,0,0,0,0,0,0,10,3,7,2,4,0,2,-2,-1,-4,-3,-6,-5,-8,-7,-10,-8,-12,-8,-14,-9,-14,-9,-15,-8,-14,-7,-13,-6,-12,-5,-9,-4,-7,-3,-4,-2,-1,-1,2,0,5,0,7,1,10,1,12,0,14,0,15,0,0,-1,15,-1,14,-2,13,-2,11,-2,8,-1,5,0,2,1,-1,2,-4,4,-6,5,-8,7,-9,8,-10,9,-10,10,-10,10,-10,10,-8,9,-8,8,-6,7,-5,5,-4,2,-3,0,-2,-2,-2,-4,-2,-5,-2,0,0,0,0,0,0,0,0,0,0]
CSI_DATA,2441,68:dd:b7:b0:aa:3f,-35,11,1,7,1,1,1,1,1,0,0,-97,0,11,2,102209814,0,84,0,128,0,[0,0,0,0,0,0,0,0,0,0,0,0,7,6,5,3,2,0,0,-2,-3,-4,-5,-6,-8,-8,-10,-10,-12,-10,-13,-12,-14,-11,-14,-11,-14,-10,-13,-9,-12,-8,-9,-6,-7,-5,-4,-4,-1,-2,2,-1,6,0,8,0,11,1,14,1,15,2,16,2,0,0,17,2,16,2,14,1,12,2,9,1,6,1,2,1,-1,1,-4,1,-7,1,-10,1,-12,1,-14,1,-15,1,-16,2,-16,1,-16,1,-15,1,-13,1,-12,0,-9,0,-6,0,-3,0,-1,-1,2,-1,4,-1,0,0,0,0,0,0,0,0,0,0]
CSI_DATA,2442,68:dd:b7:b0:aa:3f,-34,11,1,7,1,1,1,1,1,0,0,-97,0,11,2,102210415,0,67,0,128,0,[0,0,0,0,0,0,0,0,0,0,0,0,14,-3,16,-4,16,-5,16,-6,15,-6,14,-6,12,-6,10,-5,8,-4,5,-2,2,-1,-1,1,-4,3,-6,5,-9,7,-10,8,-11,9,-12,10,-13,11,-12,11,-11,11,-10,9,-9,8,-8,6,-6,4,-5,2,0,0,-1,-4,1,-7,3,-10,4,-12,5,-15,6,-15,6,-16,6,-16,6,-15,5,-14,5,-13,4,-10,3,-8,2,-5,2,-3,1,0,-1,3,-2,6,-2,8,-3,10,-4,12,-4,12,-4,13,-4,12,-4,12,-4,10,0,0,0,0,0,0,0,0,0,0]
CSI_DATA,2443,68:dd:b7:b0:aa:3f,-37,11,1,7,1,1,1,1,1,0,0,-97,0,11,2,102285416,0,84,0,128,0,[0,0,0,0,0,0,0,0,0,0,0,0,2,-1,1,0,0,2,-1,3,-1,6,0,7,1,8,2,10,4,10,5,10,6,9,7,8,7,8,7,6,6,6,5,5,4,4,3,4,2,5,1,6,0,6,0,8,0,9,0,9,1,10,1,11,0,0,2,11,2,11,2,10,2,10,2,9,1,9,0,8,-1,8,-2,8,-3,7,-3,7,-4,7,-4,7,-5,7,-5,8,-6,8,-6,8,-6,8,-6,8,-6,8,-6,8,-6,7,-6,7,-5,6,-5,5,-5,4,0,0,0,0,0,0,0,0,0,0]
CSI_DATA,2444,68:dd:b7:b0:aa:3f,-37,11,1,6,1,1,1,1,1,0,0,-97,0,11,2,102286502,0,67,0,128,0,[0,0,0,0,0,0,0,0,0,0,0,0,0,2,-1,1,-3,-1,-5,-2,-7,-2,-8,-1,-10,1,-11,2,-12,3,-12,5,-11,6,-10,7,-9,7,-8,7,-7,6,-6,5,-6,4,-6,3,-7,2,-7,1,-8,0,-9,0,-10,0,-11,0,-12,0,-12,1,0,0,-13,2,-12,2,-12,2,-12,2,-11,1,-10,1,-10,0,-9,-1,-9,-1,-9,-2,-9,-3,-9,-4,-9,-5,-9,-5,-9,-6,-9,-6,-9,-6,-10,-6,-10,-6,-10,-6,-10,-6,-8,-6,-8,-6,-7,-6,-6,-5,-5,-5,0,0,0,0,0,0,0,0,0,0]
CSI_DATA,2445,68:dd:b7:b0:aa:3f,-36,11,1,7,1,1,1,1,1,0,0,-97,0,11,2,102357261,0,84,0,128,0,[0,0,0,0,0,0,0,0,0,0,0,0,-4,-1,-3,2,-3,5,-2,8,0,10,1,11,3,12,5,12,6,12,7,11,7,10,7,8,6,6,5,5,3,3,1,2,-2,2,-4,2,-7,1,-9,2,-11,3,-13,4,-13,5,-14,6,-14,7,-13,7,0,0,-11,6,-10,4,-8,2,-7,1,-5,-2,-4,-5,-3,-7,-3,-9,-2,-11,-2,-13,-2,-13,-2,-14,-2,-15,-2,-14,-2,-13,-1,-12,-1,-11,0,-9,1,-7,2,-6,4,-4,5,-2,6,-1,7,1,8,1,8,2,0,0,0,0,0,0,0,0,0,0]
CSI_DATA,2446,68:dd:b7:b0:aa:3f,-36,11,1,7,1,1,1,1,1,0,0,-97,0,11,2,102357912,0,67,0,128,0,[0,0,0,0,0,0,0,0,0,0,0,0,-2,2,1,3,4,4,7,4,9,3,12,1,13,0,14,-1,14,-3,13,-4,12,-5,10,-5,8,-5,6,-4,4,-2,2,-1,1,2,0,4,-1,6,-1,9,-1,11,-1,13,0,14,0,15,1,15,2,15,0,0,1,12,1,10,0,8,-2,6,-4,3,-6,1,-8,-1,-9,-2,-12,-3,-13,-4,-14,-5,-14,-5,-14,-5,-13,-5,-13,-5,-12,-4,-10,-5,-9,-5,-6,-5,-4,-6,-2,-6,1,-6,3,-7,4,-7,5,-7,6,-7,0,0,0,0,0,0,0,0,0,0]
CSI_DATA,2447,68:dd:b7:b0:aa:3f,-34,11,1,7,1,1,1,1,1,0,0,-97,0,11,2,102430639,0,84,0,128,0,[0,0,0,0,0,0,0,0,0,0,0,0,2,10,4,9,4,8,5,7,4,6,4,4,2,3,1,3,0,3,-1,4,-2,5,-3,7,-2,8,-2,9,-1,10,-1,10,0,11,1,10,2,10,2,9,2,8,1,7,0,6,0,7,-1,7,-3,7,0,0,-5,8,-4,9,-5,10,-5,11,-5,12,-5,11,-4,11,-4,11,-4,10,-4,9,-4,8,-4,7,-5,6,-6,6,-7,5,-8,5,-8,5,-9,5,-9,5,-10,4,-10,4,-9,4,-9,4,-9,3,-9,2,-8,2,0,0,0,0,0,0,0,0,0,0]
CSI_DATA,2448,68:dd:b7:b0:aa:3f,-34,11,1,7,1,1,1,1,1,0,0,-97,0,11,2,102431137,0,67,0,128,0,[0,0,0,0,0,0,0,0,0,0,0,0,6,-9,5,-10,3,-10,2,-9,1,-8,1,-7,1,-6,2,-5,3,-3,4,-3,5,-3,7,-4,8,-4,8,-5,8,-6,8,-8,8,-8,7,-9,6,-9,5,-9,5,-8,4,-7,5,-6,5,-5,6,-4,7,-4,0,0,9,-4,10,-4,11,-4,12,-5,12,-5,12,-5,11,-5,10,-5,10,-5,9,-5,9,-4,8,-3,8,-2,7,-1,9,0,9,1,9,2,10,2,10,3,10,3,10,3,9,3,8,3,8,3,7,3,6,3,0,0,0,0,0,0,0,0,0,0]
CSI_DATA,2449,68:dd:b7:b0:aa:3f,-38,11,1,7,1,1,1,1,1,0,0,-97,0,11,2,102502046,0,84,0,128,0,[0,0,0,0,0,0,0,0,0,0,0,0,7,-5,6,-6,6,-8,5,-8,4,-9,3,-9,2,-9,1,-9,0,-9,-1,-8,-1,-7,-2,-6,-2,-4,-2,-2,-2,0,-2,1,-1,2,-1,4,-1,6,-1,7,0,8,0,8,0,8,0,8,0,8,-1,7,0,0,-2,4,-2,3,-2,1,-3,-1,-3,-3,-3,-5,-3,-6,-2,-8,-2,-8,-2,-8,-1,-9,0,-8,1,-8,2,-6,2,-5,2,-4,3,-2,3,0,3,1,3,3,2,4,1,5,1,6,0,6,0,5,-1,5,0,0,0,0,0,0,0,0,0,0]
CSI_DATA,2450,68:dd:b7:b0:aa:3f,-38,11,1,7,1,1,1,1,1,0,0,-97,0,11,2,102502868,0,67,0,128,0,[0,0,0,0,0,0,0,0,0,0,0,0,0,8,1,8,2,8,4,8,5,7,6,7,7,6,7,4,7,3,6,3,6,2,5,1,3,0,2,-1,0,-2,-2,-2,-3,-2,-5,-3,-6,-3,-7,-3,-8,-3,-8,-3,-9,-3,-9,-3,-8,-3,-8,-3,0,0,-5,-3,-3,-3,-1,-3,1,-3,2,-3,4,-2,5,-2,6,-1,7,0,8,0,8,1,7,1,6,2,5,2,4,3,2,3,0,3,-1,3,-3,3,-4,3,-6,2,-6,1,-7,1,-7,0,-7,-1,-6,-1,0,0,0,0,0,0,0,0,0,0]
CSI_DATA,2451,68:dd:b7:b0:aa:3f,-37,11,1,7,1,1,1,1,1,0,0,-97,0,11,2,102570236,0,84,0,128,0,[0,0,0,0,0,0,0,0,0,0,0,0,-1,8,1,8,2,8,4,8,5,7,6,7,7,6,8,6,8,5,8,5,8,5,8,4,6,3,5,2,4,0,3,-1,2,-2,0,-4,-1,-5,-2,-7,-3,-8,-3,-9,-3,-10,-3,-11,-3,-11,-2,-11,0,0,-1,-9,0,-7,0,-5,0,-3,0,0,-1,2,-1,4,-2,5,-4,6,-5,7,-6,7,-7,7,-7,6,-8,5,-8,3,-7,2,-6,1,-5,0,-3,-1,-1,-2,0,-2,2,-2,4,-2,5,-1,5,0,5,0,0,0,0,0,0,0,0,0,0,0]
CSI_DATA,2452,68:dd:b7:b0:aa:3f,-37,11,1,7,1,1,1,1,1,0,0,-97,0,11,2,102570354,0,67,0,128,0,[0,0,0,0,0,0,0,0,0,0,0,0,-8,-5,-9,-3,-9,-2,-10,0,-10,1,-10,2,-10,3,-10,4,-10,5,-9,5,-9,5,-8,5,-6,5,-5,4,-3,3,-2,2,0,2,2,1,4,1,6,1,8,1,9,2,9,1,10,2,10,3,9,3,0,0,7,4,5,3,3,2,1,2,-1,0,-2,-2,-4,-4,-4,-5,-4,-7,-5,-8,-4,-9,-3,-10,-2,-10,-1,-10,0,-9,1,-8,1,-6,2,-4,2,-2,1,-1,1,1,-1,3,-2,4,-3,4,-3,4,-4,4,0,0,0,0,0,0,0,0,0,0]
CSI_DATA,2453,68:dd:b7:b0:aa:3f,-38,11,1,7,1,1,1,1,1,0,0,-97,0,11,2,102648090,0,84,0,128,0,[0,0,0,0,0,0,0,0,0,0,0,0,11,2,11,1,10,-1,9,-2,7,-3,5,-3,3,-4,1,-4,-1,-4,-3,-4,-5,-4,-7,-3,-9,-3,-10,-3,-12,-3,-11,-2,-11,-2,-11,-2,-9,-2,-8,-2,-6,-1,-4,-2,-2,-2,1,-1,3,-1,5,-1,0,0,9,-1,11,0,11,1,12,1,11,2,10,2,9,3,7,2,5,3,2,2,0,2,-3,1,-5,1,-7,-1,-8,-1,-9,-2,-10,-3,-10,-3,-10,-4,-10,-4,-9,-4,-7,-4,-6,-4,-4,-3,-2,-2,-1,-1,0,0,0,0,0,0,0,0,0,0]
CSI_DATA,2454,68:dd:b7:b0:aa:3f,-39,11,1,6,1,1,1,1,1,0,0,-97,0,11,2,102680691,0,67,0,128,0,[0,0,0,0,0,0,0,0,0,0,0,0,3,9,5,8,6,8,7,7,8,7,9,6,9,5,10,5,10,4,10,4,9,3,8,3,7,2,6,1,4,-1,3,-2,2,-3,1,-5,-1,-7,-1,-9,-1,-10,-1,-11,-1,-12,0,-13,1,-12,1,-11,0,0,2,-8,2,-6,1,-4,0,-2,-2,0,-4,2,-6,3,-8,3,-9,3,-11,3,-11,2,-12,1,-11,-1,-10,-2,-9,-2,-8,-3,-6,-3,-4,-2,-2,-1,0,0,1,1,2,3,3,5,2,6,2,6,1,6,0,0,0,0,0,0,0,0,0,0]
CSI_DATA,2455,68:dd:b7:b0:aa:3f,-39,11,1,7,1,1,1,1,1,0,0,-97,0,11,2,102680809,0,84,0,128,0,[0,0,0,0,0,0,0,0,0,0,0,0,9,1,9,0,10,-1,10,-2,9,-3,9,-5,9,-5,9,-6,8,-6,8,-6,8,-6,7,-6,5,-5,4,-5,2,-4,0,-4,-2,-4,-4,-4,-6,-4,-7,-5,-8,-5,-9,-6,-9,-7,-9,-8,-9,-8,-8,-8,0,0,-5,-7,-4,-5,-2,-4,-1,-2,-1,1,-1,3,-1,5,-2,7,-2,8,-4,9,-5,9,-6,8,-7,7,-7,6,-7,5,-6,3,-5,2,-4,1,-2,0,0,-1,2,-1,4,0,5,0,6,1,6,2,6,2,0,0,0,0,0,0,0,0,0,0]
CSI_DATA,2456,68:dd:b7:b0:aa:3f,-36,11,1,7,1,1,1,1,1,0,0,-97,0,11,2,102750938,0,84,0,128,0,[0,0,0,0,0,0,0,0,0,0,0,0,13,-1,13,-2,13,-3,12,-4,10,-5,8,-5,6,-5,3,-4,0,-4,-3,-4,-5,-3,-8,-2,-11,-1,-12,-1,-14,1,-14,1,-15,1,-14,2,-14,2,-12,2,-9,2,-7,1,-5,0,-2,-1,1,-1,3,-2,0,0,8,-3,11,-3,13,-2,14,-2,15,-2,14,-1,13,-1,12,0,10,1,7,1,5,2,2,2,-1,2,-4,1,-5,1,-8,1,-9,0,-11,0,-12,-1,-12,-2,-11,-3,-10,-3,-8,-4,-7,-4,-5,-4,-3,-4,0,0,0,0,0,0,0,0,0,0]
CSI_DATA,2457,68:dd:b7:b0:aa:3f,-37,11,1,7,1,1,1,1,1,0,0,-97,0,11,2,102756359,0,67,0,128,0,[0,0,0,0,0,0,0,0,0,0,0,0,-7,-3,-7,0,-6,3,-6,6,-5,8,-4,10,-4,11,-3,13,-3,13,-2,14,-1,13,-1,12,0,10,0,8,0,5,0,2,0,-1,0,-3,0,-7,0,-9,0,-11,0,-13,0,-14,0,-15,0,-15,1,-15,0,0,1,-12,1,-9,2,-7,2,-4,1,-1,1,2,0,5,0,8,-1,9,-1,10,-2,11,-3,12,-4,12,-5,11,-5,10,-5,8,-5,6,-5,5,-5,2,-4,0,-3,-2,-2,-5,0,-6,1,-7,2,-7,2,-7,0,0,0,0,0,0,0,0,0,0]
CSI_DATA,2458,68:dd:b7:b0:aa:3f,-37,11,1,6,1,1,1,1,1,0,0,-97,0,11,2,102826803,0,84,0,128,0,[0,0,0,0,0,0,0,0,0,0,0,0,-5,11,-4,11,-3,12,-2,11,-1,9,0,9,1,7,2,6,2,2,2,0,2,-2,1,-4,2,-6,2,-9,0,-9,2,-11,0,-12,-1,-12,0,-11,-1,-10,-1,-10,1,-10,2,-7,1,-5,0,-4,-1,0,0,0,4,4,2,7,1,6,0,11,2,8,0,10,0,11,2,9,-1,10,-1,8,-2,6,-2,4,-2,2,-3,1,-3,-1,-3,-3,-4,-4,-3,-6,-3,-7,-2,-8,-2,-7,-2,-8,-1,-8,0,-7,1,-6,1,-5,0,0,0,0,0,0,0,0,0,0]
CSI_DATA,2459,68:dd:b7:b0:aa:3f,-39,11,1,7,1,1,1,1,1,0,0,-97,0,11,2,102829098,0,67,0,128,0,[0,0,0,0,0,0,0,0,0,0,0,0,-1,-9,-3,-7,-5,-5,-7,-3,-10,-1,-11,1,-12,3,-13,4,-13,5,-13,7,-12,7,-12,7,-10,6,-8,5,-6,4,-5,3,-2,1,0,0,2,-2,4,-4,5,-6,7,-7,8,-8,9,-9,10,-9,10,-9,0,0,10,-7,9,-6,8,-4,6,-3,4,-1,2,1,0,3,-2,4,-4,5,-5,6,-7,6,-8,7,-9,6,-9,6,-10,5,-9,4,-9,2,-8,2,-7,0,-6,-1,-5,-2,-3,-4,-2,-5,0,-5,1,-5,2,-5,0,0,0,0,0,0,0,0,0,0]
CSI_DATA,2460,68:dd:b7:b0:aa:3f,-37,11,1,7,1,1,1,1,1,0,0,-97,0,11,2,102897472,0,84,0,128,0,[0,0,0,0,0,0,0,0,0,0,0,0,1,-3,1,0,3,3,5,5,7,6,9,6,12,6,13,5,15,3,16,2,15,-1,14,-1,12,-2,11,-2,9,-1,8,-1,7,0,8,2,8,5,9,6,9,7,11,7,12,8,13,7,14,6,14,6,0,0,12,5,12,4,10,5,9,6,7,7,6,9,5,10,5,12,6,12,6,13,7,13,7,13,7,12,7,11,8,11,7,10,5,10,4,9,2,9,1,9,-1,9,-2,10,-3,11,-4,11,-4,11,-3,10,0,0,0,0,0,0,0,0,0,0]
CSI_DATA,2461,68:dd:b7:b0:aa:3f,-37,11,1,7,1,1,1,1,1,0,0,-97,0,11,2,102898143,0,67,0,128,0,[0,0,0,0,0,0,0,0,0,0,0,0,-7,-12,-8,-11,-9,-10,-9,-8,-9,-7,-8,-5,-7,-4,-5,-4,-3,-4,-2,-5,0,-6,0,-8,1,-9,0,-11,0,-12,-1,-12,-2,-12,-3,-12,-3,-12,-4,-11,-3,-10,-3,-9,-2,-9,-1,-8,1,-8,2,-8,0,0,5,-10,5,-11,5,-12,5,-13,5,-12,5,-12,4,-12,4,-11,4,-10,4,-8,4,-7,5,-6,6,-5,7,-4,8,-4,9,-4,10,-4,10,-4,11,-4,11,-4,10,-4,9,-4,9,-3,7,-3,6,-2,5,0,0,0,0,0,0,0,0,0,0,0]
CSI_DATA,2462,68:dd:b7:b0:aa:3f,-38,11,1,7,1,1,1,1,1,0,0,-97,0,11,2,102970703,0,84,0,128,0,[0,0,0,0,0,0,0,0,0,0,0,0,-8,-9,-8,-8,-7,-6,-6,-5,-5,-3,-4,-3,-1,-2,1,-3,3,-3,4,-5,6,-6,6,-7,7,-9,7,-10,6,-11,5,-11,4,-10,3,-10,3,-8,3,-7,3,-5,4,-3,4,-2,6,0,7,1,9,2,0,0,12,3,13,3,13,3,13,2,12,1,11,1,10,1,7,1,6,2,4,3,1,4,0,5,-2,7,-2,9,-3,10,-3,11,-3,12,-3,12,-2,12,-2,11,-2,10,-1,9,-1,7,-2,5,-3,3,-3,1,0,0,0,0,0,0,0,0,0,0]
CSI_DATA,2463,68:dd:b7:b0:aa:3f,-38,11,1,7,1,1,1,1,1,0,0,-97,0,11,2,102970821,0,67,0,128,0,[0,0,0,0,0,0,0,0,0,0,0,0,10,-4,9,-5,7,-5,5,-5,3,-4,3,-2,2,-1,1,1,1,3,2,5,3,6,4,8,5,8,6,9,7,8,8,7,8,6,7,5,6,5,5,4,3,4,1,4,0,5,-2,5,-4,7,-5,8,0,0,-6,11,-6,12,-6,12,-5,12,-5,11,-4,10,-4,9,-4,7,-4,5,-4,3,-5,1,-6,-1,-8,-2,-9,-3,-10,-4,-11,-4,-12,-4,-12,-3,-12,-3,-12,-2,-11,-2,-9,-2,-7,-2,-5,-2,-4,-2,-2,-3,0,0,0,0,0,0,0,0,0,0]
CSI_DATA,2464,68:dd:b7:b0:aa:3f,-35,11,1,5,1,1,1,1,1,0,0,-97,0,11,2,103053399,0,84,0,128,0,[0,0,0,0,0,0,0,0,0,0,0,0,4,-15,2,-16,0,-16,-2,-15,-3,-14,-4,-12,-4,-10,-3,-8,-2,-6,0,-5,2,-4,4,-4,6,-4,8,-5,9,-6,9,-7,9,-9,9,-10,9,-10,8,-10,7,-10,6,-9,6,-8,6,-7,6,-6,7,-5,0,0,9,-3,9,-2,10,-2,11,-1,12,-1,12,-1,11,-1,11,0,10,0,10,1,9,1,9,2,8,3,8,4,8,5,8,5,7,6,7,6,7,6,7,6,6,6,4,6,3,6,2,6,1,6,0,6,0,0,0,0,0,0,0,0,0,0]
CSI_DATA,2465,68:dd:b7:b0:aa:3f,-36,11,1,7,1,1,1,1,1,0,0,-97,0,11,2,103083417,0,67,0,128,0,[0,0,0,0,0,0,0,0,0,0,0,0,0,-16,-2,-16,-3,-16,-4,-15,-6,-13,-6,-11,-5,-8,-4,-6,-2,-4,0,-2,3,-1,5,-1,8,-1,9,-1,11,-2,12,-3,13,-4,12,-5,12,-5,11,-6,10,-5,8,-4,7,-3,7,-2,5,0,5,2,0,0,5,6,4,7,5,9,5,9,5,10,5,10,5,10,4,9,3,8,2,8,1,7,0,7,-2,6,-3,6,-4,6,-5,5,-6,5,-7,5,-7,5,-7,5,-7,4,-7,3,-7,2,-6,1,-6,0,-5,-1,0,0,0,0,0,0,0,0,0,0]
CSI_DATA,2466,68:dd:b7:b0:aa:3f,-37,11,1,7,1,1,1,1,1,0,0,-97,0,11,2,103083535,0,84,0,128,0,[0,0,0,0,0,0,0,0,0,0,0,0,0,4,1,0,1,-4,0,-8,-1,-11,-3,-14,-6,-15,-9,-16,-11,-16,-12,-15,-13,-13,-14,-12,-13,-10,-11,-8,-9,-6,-7,-6,-4,-5,-2,-5,1,-7,3,-8,5,-10,6,-11,6,-13,7,-14,7,-15,6,-15,0,0,5,-14,5,-13,5,-11,5,-10,7,-7,7,-5,8,-3,9,-2,10,-1,11,0,11,1,12,1,12,2,11,2,11,2,10,3,9,3,8,4,7,4,6,5,5,6,4,7,3,8,3,8,2,8,2,7,0,0,0,0,0,0,0,0,0,0]
CSI_DATA,2467,68:dd:b7:b0:aa:3f,-38,11,1,7,1,1,1,1,1,0,0,-97,0,11,2,103156142,0,84,0,128,0,[0,0,0,0,0,0,0,0,0,0,0,0,11,-4,11,-5,11,-6,10,-6,9,-7,7,-6,5,-6,3,-5,1,-4,-1,-4,-3,-3,-5,-1,-7,-1,-9,0,-10,1,-11,1,-11,1,-12,1,-11,1,-10,1,-8,1,-7,0,-5,-1,-3,-1,0,-1,2,-2,0,0,6,-2,8,-1,9,-1,11,-1,11,0,10,1,9,1,8,2,6,2,4,2,2,2,0,1,-2,1,-4,0,-5,0,-7,-1,-8,-2,-8,-3,-9,-3,-8,-3,-8,-4,-6,-4,-5,-3,-4,-3,-3,-2,-2,-2,0,0,0,0,0,0,0,0,0,0]
CSI_DATA,2468,68:dd:b7:b0:aa:3f,-39,11,1,7,1,1,1,1,1,0,0,-97,0,11,2,103156640,0,67,0,128,0,[0,0,0,0,0,0,0,0,0,0,0,0,-5,-8,-6,-6,-7,-3,-8,-1,-9,1,-9,3,-9,5,-10,6,-10,7,-10,8,-10,8,-9,7,-8,6,-7,5,-5,4,-3,3,-1,1,1,-1,3,-2,5,-3,7,-4,8,-5,9,-5,10,-5,11,-4,11,-4,0,0,9,-2,7,-1,5,0,3,1,0,1,-3,1,-5,1,-7,1,-8,0,-9,0,-10,-1,-10,-2,-10,-3,-9,-3,-8,-3,-7,-3,-5,-3,-3,-3,-2,-2,0,-2,2,-1,3,1,4,2,5,2,5,3,4,3,0,0,0,0,0,0,0,0,0,0]
CSI_DATA,2469,68:dd:b7:b0:aa:3f,-38,11,1,7,1,1,1,1,1,0,0,-97,0,11,2,103270047,0,84,0,128,0,[0,0,0,0,0,0,0,0,0,0,0,0,4,-14,2,-14,2,-13,1,-12,-1,-11,-2,-9,-2,-7,-2,-4,-2,-2,-2,1,-1,3,-1,5,0,7,1,9,1,10,1,10,2,11,2,10,2,9,1,8,1,7,0,5,-1,4,-3,2,-4,0,-5,-2,0,0,-7,-5,-8,-6,-8,-7,-8,-7,-8,-7,-7,-7,-6,-7,-5,-6,-3,-5,-2,-4,0,-3,2,-2,3,-2,5,-1,6,0,8,1,8,1,8,2,9,2,8,2,8,1,6,1,5,1,4,0,2,0,1,0,0,0,0,0,0,0,0,0,0,0]
CSI_DATA,2470,68:dd:b7:b0:aa:3f,-33,11,1,7,1,1,1,1,1,0,0,-97,0,11,2,103316500,0,67,0,128,0,[0,0,0,0,0,0,0,0,0,0,0,0,-1,0,2,2,5,3,8,4,11,4,13,3,15,2,16,1,16,0,16,0,14,-2,13,-2,11,-2,9,-2,6,-1,3,1,1,2,-1,4,-3,6,-4,7,-5,9,-6,11,-5,12,-5,12,-5,13,-4,12,0,0,-4,10,-4,9,-4,6,-4,4,-4,2,-5,0,-6,-2,-6,-4,-7,-6,-8,-7,-8,-8,-9,-8,-9,-8,-8,-8,-8,-8,-7,-7,-6,-7,-5,-6,-3,-6,-2,-5,0,-5,1,-4,3,-4,4,-4,5,-3,5,-3,0,0,0,0,0,0,0,0,0,0]
CSI_DATA,2471,68:dd:b7:b0:aa:3f,-33,11,1,7,1,1,1,1,1,0,0,-97,0,11,2,103330443,0,84,0,128,0,[0,0,0,0,0,0,0,0,0,0,0,0,-2,-1,-6,1,-9,3,-11,4,-13,6,-14,8,-15,10,-14,11,-13,12,-13,12,-10,12,-9,10,-7,8,-6,5,-5,3,-4,0,-3,-3,-4,-5,-5,-8,-5,-10,-6,-11,-6,-12,-7,-13,-8,-14,-8,-13,-8,-12,0,0,-6,-10,-5,-9,-3,-7,-1,-6,2,-5,4,-4,6,-4,8,-3,9,-3,10,-3,11,-3,11,-3,11,-3,10,-2,9,-2,8,-2,7,-1,6,-1,5,0,4,2,2,3,2,4,0,5,0,6,-1,5,-2,6,0,0,0,0,0,0,0,0,0,0]
CSI_DATA,2472,68:dd:b7:b0:aa:3f,-39,11,1,7,1,1,1,1,1,0,0,-97,0,11,2,103439151,0,67,0,128,0,[0,0,0,0,0,0,0,0,0,0,0,0,-10,5,-9,6,-10,6,-9,6,-9,6,-8,5,-7,5,-5,4,-4,4,-2,4,0,4,2,4,3,5,4,5,5,5,6,6,6,6,6,6,5,6,4,5,3,4,2,3,2,2,1,0,1,-2,1,-4,0,0,1,-7,2,-8,3,-9,3,-10,4,-9,4,-9,5,-8,4,-7,4,-6,3,-4,1,-3,0,-2,-2,-1,-3,-1,-5,-1,-6,-1,-7,-2,-9,-3,-9,-3,-9,-4,-9,-5,-8,-5,-7,-5,-6,-5,-5,-5,-3,-4,0,0,0,0,0,0,0,0,0,0]
CSI_DATA,2473,68:dd:b7:b0:aa:3f,-39,11,1,7,1,1,1,1,1,0,0,-97,0,11,2,103439385,0,84,0,128,0,[0,0,0,0,0,0,0,0,0,0,0,0,9,4,10,3,10,3,10,3,10,3,8,2,7,2,6,1,5,0,4,-2,3,-3,2,-5,2,-7,1,-8,1,-9,1,-9,1,-9,1,-9,2,-8,2,-8,1,-6,1,-5,0,-3,-1,-2,-3,-1,-4,0,0,0,-7,2,-9,2,-9,1,-10,1,-10,0,-10,0,-10,-1,-8,-1,-7,-1,-6,-1,-4,-1,-2,0,-1,1,0,2,1,3,2,5,2,6,2,7,2,8,1,9,0,9,-1,9,-1,8,-2,6,-2,5,-2,4,0,0,0,0,0,0,0,0,0,0]
CSI_DATA,2474,68:dd:b7:b0:aa:3f,-36,11,1,7,1,1,1,1,1,0,0,-97,0,11,2,103534444,0,67,0,128,0,[0,0,0,0,0,0,0,0,0,0,0,0,0,-9,-2,-7,-4,-5,-6,-3,-8,-1,-9,1,-10,3,-11,5,-11,6,-11,7,-11,7,-10,7,-9,7,-8,6,-6,5,-5,4,-3,2,-2,0,0,-2,1,-4,2,-6,3,-7,4,-8,5,-9,6,-9,6,-9,0,0,6,-8,6,-7,5,-5,4,-4,4,-1,3,1,1,3,0,5,-1,6,-2,7,-3,8,-4,9,-4,8,-5,8,-5,8,-5,7,-5,5,-5,4,-4,3,-4,1,-3,-1,-2,-3,-1,-5,0,-6,1,-6,1,-7,0,0,0,0,0,0,0,0,0,0]
CSI_DATA,2475,68:dd:b7:b0:aa:3f,-37,11,1,7,1,1,1,1,1,0,0,-97,0,11,2,103751775,0,67,0,128,0,[0,0,0,0,0,0,0,0,0,0,0,0,1,0,-1,2,-3,4,-5,6,-6,8,-6,10,-6,11,-5,12,-5,12,-5,11,-4,10,-4,9,-4,6,-5,4,-5,1,-6,-1,-7,-3,-9,-5,-10,-6,-12,-7,-13,-7,-13,-7,-14,-7,-13,-6,-13,-5,-11,-4,0,0,-7,-4,-4,-3,-1,-4,2,-5,5,-6,8,-7,10,-8,11,-10,12,-11,13,-12,12,-12,11,-13,10,-12,8,-11,7,-10,5,-8,4,-6,3,-3,1,0,1,3,0,7,0,10,0,13,0,14,1,16,1,15,0,0,0,0,0,0,0,0,0,0]
CSI_DATA,2476,68:dd:b7:b0:aa:3f,-35,11,1,6,1,1,1,1,1,0,0,-97,0,11,2,103848675,0,67,0,128,0,[0,0,0,0,0,0,0,0,0,0,0,0,-5,12,-4,11,-4,9,-3,7,-3,4,-3,2,-3,-1,-4,-3,-5,-6,-6,-8,-7,-10,-8,-11,-8,-11,-8,-11,-8,-11,-8,-11,-7,-9,-6,-8,-5,-6,-3,-5,-1,-3,2,-2,4,-1,7,0,9,1,11,1,0,0,14,1,15,1,15,1,16,0,14,0,12,0,10,-1,7,-1,4,-1,1,0,-2,1,-5,1,-7,2,-9,3,-12,4,-13,5,-14,6,-15,7,-15,8,-14,8,-13,8,-11,6,-9,6,-7,4,-5,3,-3,1,0,0,0,0,0,0,0,0,0,0]
CSI_DATA,2477,68:dd:b7:b0:aa:3f,-33,11,1,6,1,1,1,1,1,0,0,-97,0,11,2,103918833,0,84,0,128,0,[0,0,0,0,0,0,0,0,0,0,0,0,2,3,4,5,5,6,6,8,7,8,9,8,9,8,9,8,8,7,7,7,6,5,4,4,3,3,1,2,-2,1,-5,0,-7,-1,-9,-1,-11,-1,-12,-1,-13,-1,-13,-1,-13,-1,-13,-1,-12,-1,-10,0,0,0,-6,-1,-3,-1,-1,-2,2,-2,5,-3,7,-4,9,-5,10,-5,12,-6,12,-6,12,-7,12,-6,11,-6,10,-5,8,-5,6,-4,4,-3,2,-2,0,0,-3,2,-5,3,-7,4,-9,5,-10,6,-11,6,-11,6,0,0,0,0,0,0,0,0,0,0]
CSI_DATA,2478,68:dd:b7:b0:aa:3f,-32,11,1,6,1,1,1,1,1,0,0,-97,0,11,2,104030947,0,67,0,128,0,[0,0,0,0,0,0,0,0,0,0,0,0,4,-2,6,-4,9,-5,10,-6,11,-7,11,-8,12,-8,11,-8,11,-8,9,-7,7,-5,6,-4,3,-1,2,1,0,3,-1,5,-3,7,-4,9,-4,11,-5,12,-4,13,-5,14,-5,13,-4,12,-4,11,-3,10,0,0,-2,5,-2,1,-2,-3,-2,-5,-2,-9,-2,-12,-2,-14,-2,-15,-2,-17,-2,-17,-2,-17,-3,-16,-3,-15,-3,-13,-2,-11,-2,-9,-2,-5,-1,-3,-1,1,0,4,1,7,2,10,2,12,2,13,2,14,2,14,0,0,0,0,0,0,0,0,0,0]
CSI_DATA,2479,68:dd:b7:b0:aa:3f,-32,11,1,7,1,1,1,1,1,0,0,-97,0,11,2,104083815,0,84,0,128,0,[0,0,0,0,0,0,0,0,0,0,0,0,-1,-7,-1,-10,0,-11,0,-13,-1,-14,-1,-15,-2,-15,-2,-14,-1,-13,-2,-11,-1,-9,0,-7,0,-4,1,-1,3,1,4,4,6,6,6,7,7,9,8,10,9,10,9,11,9,9,9,9,8,8,7,6,0,0,2,3,0,1,-3,-1,-6,-2,-8,-4,-10,-6,-12,-7,-14,-7,-15,-8,-16,-7,-15,-7,-15,-7,-14,-7,-12,-6,-10,-5,-8,-4,-5,-2,-2,-1,1,0,4,1,7,2,9,4,12,5,13,6,14,6,13,6,0,0,0,0,0,0,0,0,0,0]
CSI_DATA,2480,68:dd:b7:b0:aa:3f,-32,11,1,7,1,1,1,1,1,0,0,-97,0,11,2,104155399,0,67,0,128,0,[0,0,0,0,0,0,0,0,0,0,0,0,4,3,6,4,8,5,9,5,10,6,11,6,11,5,11,5,10,4,9,4,7,3,5,2,2,2,0,2,-3,1,-6,1,-8,1,-10,1,-11,1,-13,1,-13,2,-13,2,-14,2,-12,2,-11,2,-10,2,0,0,-5,0,-2,-1,0,-2,3,-3,6,-5,8,-6,10,-7,11,-7,12,-8,13,-8,13,-9,12,-8,11,-8,9,-7,8,-6,5,-5,3,-3,1,-2,-1,0,-5,2,-7,3,-9,5,-11,6,-12,7,-13,7,-13,6,0,0,0,0,0,0,0,0,0,0]
CSI_DATA,2481,68:dd:b7:b0:aa:3f,-32,11,1,7,1,1,1,1,1,0,0,-97,0,11,2,104213578,0,84,0,128,0,[0,0,0,0,0,0,0,0,0,0,0,0,8,-11,6,-10,5,-8,4,-7,2,-4,1,-2,-1,0,-2,3,-3,5,-4,7,-5,9,-5,11,-5,12,-5,12,-5,12,-4,11,-3,11,-3,9,-3,7,-2,4,-2,2,-2,-1,-1,-4,-1,-6,-1,-9,-1,-11,0,0,-1,-15,-1,-15,-2,-16,-1,-16,-1,-15,-1,-13,0,-11,-1,-8,0,-6,-1,-3,-1,0,0,3,0,6,0,9,0,11,0,13,0,15,-1,16,0,17,-1,17,-1,15,-1,13,-1,11,-1,8,-1,6,-1,3,0,0,0,0,0,0,0,0,0,0]
CSI_DATA,2482,68:dd:b7:b0:aa:3f,-32,11,1,7,1,1,1,1,1,0,0,-97,0,11,2,104214220,0,67,0,128,0,[0,0,0,0,0,0,0,0,0,0,0,0,6,12,5,10,4,8,3,6,2,3,1,2,-1,-1,-3,-3,-5,-5,-7,-7,-8,-8,-9,-9,-11,-10,-11,-10,-11,-9,-10,-9,-10,-8,-8,-7,-7,-5,-4,-4,-2,-2,1,-1,2,0,6,2,8,2,10,3,0,0,13,5,14,5,15,5,14,5,14,4,12,4,10,3,7,2,5,2,2,1,-1,0,-4,-2,-7,-2,-10,-4,-12,-4,-14,-5,-16,-6,-17,-6,-17,-6,-17,-6,-15,-6,-14,-6,-11,-5,-9,-4,-6,-3,-3,-2,0,0,0,0,0,0,0,0,0,0]
CSI_DATA,2483,68:dd:b7:b0:aa:3f,-32,11,1,7,1,1,1,1,1,0,0,-97,0,11,2,104366613,0,67,0,128,0,[0,0,0,0,0,0,0,0,0,0,0,0,-14,-5,-12,-4,-10,-3,-7,-2,-5,-1,-2,-1,0,-1,3,0,6,0,9,1,10,0,12,0,13,0,14,0,13,0,12,0,11,0,9,-1,7,-1,5,-1,2,0,-1,0,-3,1,-6,1,-9,1,-11,3,0,0,-15,3,-16,3,-16,3,-16,3,-15,3,-13,3,-11,2,-9,2,-6,1,-3,0,0,-1,3,-1,6,-2,9,-2,11,-3,13,-3,15,-3,15,-4,16,-4,16,-4,15,-3,14,-2,11,-2,8,-1,6,-1,3,-1,0,0,0,0,0,0,0,0,0,0]
CSI_DATA,2484,68:dd:b7:b0:aa:3f,-32,11,1,7,1,1,1,1,1,0,0,-97,0,11,2,104431769,0,84,0,128,0,[0,0,0,0,0,0,0,0,0,0,0,0,2,13,3,11,2,9,2,6,1,4,1,2,0,-1,-1,-4,-1,-7,-3,-9,-3,-10,-3,-12,-5,-13,-5,-14,-5,-14,-5,-13,-5,-12,-5,-10,-4,-8,-3,-6,-2,-3,0,-1,1,1,2,4,3,7,4,8,0,0,6,12,7,13,7,14,7,14,6,13,6,12,5,10,3,8,2,6,1,3,0,0,-2,-3,-3,-6,-4,-9,-4,-11,-5,-13,-5,-15,-5,-16,-5,-17,-5,-17,-4,-16,-3,-15,-3,-13,-2,-10,-1,-7,0,-4,0,0,0,0,0,0,0,0,0,0]
CSI_DATA,2485,68:dd:b7:b0:aa:3f,-32,11,1,7,1,1,1,1,1,0,0,-97,0,11,2,104466746,0,67,0,128,0,[0,0,0,0,0,0,0,0,0,0,0,0,2,4,5,5,7,6,9,6,11,6,12,7,13,6,13,5,12,5,10,4,9,3,7,2,4,2,1,1,-2,0,-4,-1,-7,-1,-9,-2,-12,-1,-13,-1,-14,-1,-15,-1,-16,-1,-15,-1,-14,-1,-13,-1,0,0,-8,-1,-5,-1,-1,-1,2,-1,5,-2,8,-2,11,-2,13,-2,15,-1,16,-2,16,-1,16,-2,15,-1,14,-1,13,0,10,0,7,0,4,0,1,0,-3,0,-6,0,-10,0,-12,0,-14,-1,-15,-2,-16,-3,0,0,0,0,0,0,0,0,0,0]
CSI_DATA,2486,68:dd:b7:b0:aa:3f,-32,11,1,7,1,1,1,1,1,0,0,-97,0,11,2,104466864,0,84,0,128,0,[0,0,0,0,0,0,0,0,0,0,0,0,4,-1,6,-3,8,-5,9,-7,10,-8,10,-8,9,-9,9,-10,9,-9,7,-9,6,-7,5,-6,3,-4,1,-2,-1,1,-2,3,-3,5,-4,7,-6,9,-6,10,-6,12,-7,13,-6,12,-6,12,-6,11,-5,10,0,0,-4,6,-2,3,-1,0,0,-3,1,-6,2,-9,3,-11,3,-13,4,-14,4,-15,5,-15,5,-15,5,-15,4,-13,5,-12,4,-9,2,-7,2,-4,1,-2,-1,1,-2,4,-4,8,-5,10,-6,11,-7,12,-8,11,0,0,0,0,0,0,0,0,0,0]
CSI_DATA,2487,68:dd:b7:b0:aa:3f,-32,11,1,7,1,1,1,1,1,0,0,-97,0,11,2,104561591,0,67,0,128,0,[0,0,0,0,0,0,0,0,0,0,0,0,-12,-6,-11,-5,-9,-4,-8,-3,-5,-2,-3,-2,0,-2,3,-1,5,-1,8,-1,10,-1,11,-1,12,-2,13,-2,13,-2,12,-2,11,-3,9,-2,8,-2,5,-2,3,-1,0,0,-2,2,-5,3,-7,5,-8,6,0,0,-11,9,-13,9,-13,10,-13,10,-12,10,-11,9,-9,7,-7,5,-5,3,-3,1,-2,-1,1,-4,3,-6,5,-8,6,-10,7,-12,9,-13,9,-14,9,-15,9,-15,9,-14,8,-12,7,-10,6,-8,4,-5,2,-3,0,0,0,0,0,0,0,0,0,0]
CSI_DATA,2488,68:dd:b7:b0:aa:3f,-32,11,1,7,1,1,1,1,1,0,0,-97,0,11,2,104612930,0,84,0,128,0,[0,0,0,0,0,0,0,0,0,0,0,0,-10,9,-8,9,-7,8,-6,7,-4,5,-3,3,-1,1,0,-2,1,-4,2,-6,2,-9,2,-11,2,-12,2,-13,1,-13,1,-13,0,-13,0,-12,0,-10,0,-8,0,-5,1,-3,1,0,2,3,3,5,4,8,0,0,6,11,7,12,7,12,8,13,8,12,7,11,5,10,4,8,3,6,1,3,-1,1,-4,-1,-5,-3,-7,-5,-9,-7,-11,-8,-12,-10,-14,-11,-14,-11,-14,-11,-13,-11,-11,-10,-9,-9,-7,-7,-5,-6,-2,-4,0,0,0,0,0,0,0,0,0,0]
CSI_DATA,2489,68:dd:b7:b0:aa:3f,-32,11,1,7,1,1,1,1,1,0,0,-97,0,11,2,104613048,0,67,0,128,0,[0,0,0,0,0,0,0,0,0,0,0,0,3,1,6,0,8,-2,10,-3,11,-4,12,-6,12,-6,12,-7,11,-7,10,-7,9,-7,7,-6,4,-4,2,-2,0,0,-2,2,-3,4,-4,6,-5,10,-6,11,-6,12,-6,13,-6,13,-5,13,-5,12,-5,11,0,0,-4,7,-3,4,-3,1,-2,-2,-3,-6,-2,-9,-2,-12,-2,-14,-1,-15,-2,-17,-2,-18,-2,-17,-2,-16,-2,-15,-1,-13,-1,-11,0,-8,0,-5,1,-2,2,2,2,5,3,9,4,11,4,13,3,14,3,15,0,0,0,0,0,0,0,0,0,0]
CSI_DATA,2490,68:dd:b7:b0:aa:3f,-33,11,1,7,1,1,1,1,1,0,0,-97,0,11,2,104720160,0,84,0,128,0,[0,0,0,0,0,0,0,0,0,0,0,0,-10,-8,-10,-7,-9,-5,-7,-4,-5,-2,-2,-1,0,0,3,1,5,2,7,4,9,4,10,4,12,5,12,5,12,4,11,4,11,3,9,3,7,2,5,1,2,0,-1,0,-3,0,-7,-2,-9,-2,-11,-2,0,0,-15,-2,-16,-3,-17,-3,-16,-3,-16,-3,-14,-3,-11,-2,-9,-2,-6,-2,-3,-1,0,-1,3,0,6,1,9,1,10,1,13,2,15,3,16,3,16,3,16,4,15,4,13,4,11,3,8,3,5,2,2,1,0,0,0,0,0,0,0,0,0,0]
CSI_DATA,2491,68:dd:b7:b0:aa:3f,-33,11,1,7,1,1,1,1,1,0,0,-97,0,11,2,104720278,0,67,0,128,0,[0,0,0,0,0,0,0,0,0,0,0,0,11,-6,9,-6,7,-5,6,-4,3,-3,0,-2,-2,0,-4,2,-6,3,-8,4,-9,6,-10,7,-10,8,-11,8,-10,9,-10,8,-9,8,-7,7,-6,5,-4,3,-2,1,-1,-1,1,-3,2,-5,4,-7,5,-10,0,0,8,-13,8,-13,9,-14,9,-14,8,-13,7,-11,5,-10,4,-8,3,-5,1,-3,-1,0,-2,3,-5,5,-6,7,-8,9,-9,11,-10,12,-11,13,-11,13,-11,13,-11,12,-10,10,-9,8,-7,6,-5,3,-3,1,0,0,0,0,0,0,0,0,0,0]
CSI_DATA,2492,68:dd:b7:b0:aa:3f,-32,11,1,6,1,1,1,1,1,0,0,-97,0,11,2,104830080,0,84,0,128,0,[0,0,0,0,0,0,0,0,0,0,0,0,-6,13,-4,12,-4,11,-3,9,-2,7,-1,4,0,1,0,-2,0,-5,0,-7,0,-10,-1,-12,-1,-14,-2,-15,-2,-15,-3,-15,-3,-14,-3,-13,-3,-11,-2,-8,-1,-6,0,-3,1,0,2,3,4,5,5,8,0,0,8,12,9,13,10,13,11,14,9,13,9,12,7,10,6,9,4,7,2,4,0,1,-3,-1,-5,-4,-7,-6,-9,-8,-11,-10,-12,-11,-13,-13,-14,-13,-14,-14,-13,-14,-12,-12,-9,-11,-8,-8,-5,-7,-3,-5,0,0,0,0,0,0,0,0,0,0]
CSI_DATA,2493,68:dd:b7:b0:aa:3f,-32,11,1,7,1,1,1,1,1,0,0,-97,0,11,2,104830508,0,67,0,128,0,[0,0,0,0,0,0,0,0,0,0,0,0,0,3,2,5,4,6,6,8,8,8,10,9,11,8,11,8,11,7,10,7,9,5,7,4,5,3,2,2,0,0,-3,-1,-6,-2,-9,-2,-11,-3,-13,-3,-14,-3,-15,-3,-16,-2,-16,-2,-15,-2,-13,-1,0,0,-9,-2,-6,-2,-2,-2,1,-1,5,-2,8,-2,11,-2,13,-2,15,-3,16,-3,17,-3,17,-3,16,-2,15,-2,13,-2,11,-2,8,-1,5,0,1,1,-2,1,-6,2,-9,2,-12,2,-14,2,-16,2,-16,1,0,0,0,0,0,0,0,0,0,0]
CSI_DATA,2494,68:dd:b7:b0:aa:3f,-35,11,1,7,1,1,1,1,1,0,0,-97,0,11,2,104979549,0,67,0,128,0,[0,0,0,0,0,0,0,0,0,0,0,0,2,-1,2,-4,3,-7,3,-9,3,-11,2,-12,2,-13,2,-13,1,-13,1,-12,0,-10,0,-8,0,-6,1,-3,1,0,2,2,2,4,3,7,4,9,5,10,6,11,6,12,7,12,7,11,7,10,6,9,0,0,3,6,1,3,0,1,-2,-1,-5,-4,-7,-6,-9,-7,-11,-9,-12,-10,-13,-10,-13,-10,-13,-10,-13,-10,-12,-9,-10,-8,-9,-7,-6,-5,-4,-4,-1,-3,2,-1,5,1,8,3,10,4,11,5,12,6,12,6,0,0,0,0,0,0,0,0,0,0]
CSI_DATA,2495,68:dd:b7:b0:aa:3f,-36,11,1,7,1,1,1,1,1,0,0,-97,0,11,2,105026492,0,84,0,128,0,[0,0,0,0,0,0,0,0,0,0,0,0,7,9,7,8,5,7,3,6,1,5,-1,4,-3,3,-6,2,-8,2,-10,1,-12,1,-13,1,-14,1,-13,1,-13,1,-12,1,-11,1,-9,1,-7,0,-4,-1,-2,-3,1,-4,3,-6,5,-8,6,-10,7,-11,0,0,9,-14,9,-15,9,-15,8,-14,7,-14,6,-12,4,-9,3,-7,1,-4,0,-1,-1,2,-2,5,-2,8,-3,11,-3,13,-3,15,-2,17,-2,18,-1,18,0,17,0,15,0,13,0,10,0,8,0,5,0,1,0,0,0,0,0,0,0,0,0,0]
CSI_DATA,2496,68:dd:b7:b0:aa:3f,-36,11,1,7,1,1,1,1,1,0,0,-97,0,11,2,105038282,0,67,0,128,0,[0,0,0,0,0,0,0,0,0,0,0,0,-1,-12,-1,-11,0,-9,0,-7,1,-4,1,-2,2,1,2,3,3,6,4,8,4,10,4,11,5,12,5,12,5,11,4,11,4,9,3,8,2,5,1,3,-1,1,-2,-2,-3,-4,-5,-7,-6,-9,-7,-11,0,0,-9,-14,-10,-15,-10,-14,-10,-15,-9,-13,-8,-11,-7,-9,-6,-7,-4,-5,-3,-2,-1,1,1,4,2,6,4,9,5,11,6,13,7,14,7,15,8,15,8,15,7,14,6,13,5,11,4,8,2,6,1,3,0,0,0,0,0,0,0,0,0,0]
CSI_DATA,2497,68:dd:b7:b0:aa:3f,-37,11,1,7,1,1,1,1,1,0,0,-97,0,11,2,105092735,0,84,0,128,0,[0,0,0,0,0,0,0,0,0,0,0,0,-7,9,-6,8,-6,8,-5,6,-4,5,-4,3,-4,0,-3,-2,-4,-4,-4,-6,-5,-8,-5,-10,-6,-11,-6,-11,-7,-11,-7,-10,-7,-9,-6,-8,-5,-7,-3,-5,-2,-3,1,-2,3,-1,5,0,8,1,10,1,0,0,14,1,15,1,15,0,16,0,14,0,13,-1,11,-1,9,-1,7,-1,3,0,1,0,-3,1,-5,2,-8,4,-10,5,-12,7,-13,8,-14,9,-14,10,-15,10,-14,10,-12,9,-11,7,-9,6,-7,4,-5,1,0,0,0,0,0,0,0,0,0,0]
CSI_DATA,2498,68:dd:b7:b0:aa:3f,-37,11,1,7,1,1,1,1,1,0,0,-97,0,11,2,105162897,0,67,0,128,0,[0,0,0,0,0,0,0,0,0,0,0,0,-1,3,-3,4,-5,5,-6,6,-7,7,-7,8,-7,8,-7,9,-6,8,-6,7,-6,5,-5,3,-5,1,-5,-1,-6,-4,-6,-6,-7,-8,-8,-9,-9,-11,-10,-11,-11,-11,-11,-11,-11,-10,-10,-9,-9,-8,-8,-6,0,0,-3,-4,0,-3,3,-2,6,-2,9,-2,11,-2,13,-3,15,-4,16,-4,16,-5,16,-5,14,-6,13,-6,11,-6,9,-5,7,-4,4,-3,2,-1,0,2,-2,4,-4,7,-6,9,-6,12,-7,13,-8,14,-7,14,0,0,0,0,0,0,0,0,0,0]
CSI_DATA,2499,68:dd:b7:b0:aa:3f,-37,11,1,7,1,1,1,1,1,0,0,-97,0,11,2,105163229,0,84,0,128,0,[0,0,0,0,0,0,0,0,0,0,0,0,-3,2,-6,2,-8,2,-10,2,-11,2,-11,3,-12,3,-12,3,-11,3,-10,2,-8,1,-7,0,-5,-2,-4,-5,-3,-7,-2,-9,-1,-11,-1,-13,-1,-14,-1,-15,-2,-16,-2,-16,-3,-16,-3,-14,-3,-12,-3,-11,0,0,-1,-5,1,-2,4,0,6,3,8,5,10,7,13,7,14,8,16,8,17,7,17,6,16,5,15,4,13,3,11,2,9,2,4,1,2,1,-2,2,-6,2,-9,3,-12,4,-14,5,-15,6,-17,7,-16,7,0,0,0,0,0,0,0,0,0,0]
CSI_DATA,2500,68:dd:b7:b0:aa:3f,-38,11,1,7,1,1,1,1,1,0,0,-97,0,11,2,105232416,0,84,0,128,0,[0,0,0,0,0,0,0,0,0,0,0,0,-2,3,-3,4,-5,5,-6,6,-7,7,-7,7,-7,8,-7,8,-7,7,-6,5,-5,4,-5,2,-4,0,-3,-3,-3,-5,-3,-7,-3,-9,-3,-11,-4,-13,-4,-13,-5,-13,-5,-13,-6,-13,-5,-12,-5,-10,-4,-9,0,0,-2,-4,0,-1,2,1,4,3,6,5,9,6,11,7,12,8,13,9,14,8,13,8,13,7,12,6,11,5,9,4,7,3,4,1,1,1,-2,0,-5,-1,-8,-1,-11,-2,-13,-2,-15,-2,-16,-2,-15,-2,0,0,0,0,0,0,0,0,0,0]
CSI_DATA,2501,68:dd:b7:b0:aa:3f,-38,11,1,7,1,1,1,1,1,0,0,-97,0,11,2,105232534,0,67,0,128,0,[0,0,0,0,0,0,0,0,0,0,0,0,-3,-3,-4,-5,-4,-7,-5,-8,-6,-9,-6,-9,-6,-9,-6,-9,-5,-9,-4,-8,-3,-7,-1,-5,1,-4,3,-2,5,-1,7,-1,9,0,11,0,12,1,13,1,14,0,14,0,13,-1,12,0,11,-1,8,-1,0,0,4,0,0,0,-3,1,-5,3,-8,4,-11,5,-12,6,-14,8,-14,9,-14,9,-14,9,-13,10,-12,9,-10,8,-8,7,-7,5,-4,3,-2,1,0,-2,2,-5,3,-7,5,-10,6,-12,7,-13,7,-14,7,-14,0,0,0,0,0,0,0,0,0,0]
CSI_DATA,2502,68:dd:b7:b0:aa:3f,-38,11,1,7,1,1,1,1,1,0,0,-97,0,11,2,105321769,0,67,0,128,0,[0,0,0,0,0,0,0,0,0,0,0,0,1,-2,3,-1,5,1,7,1,8,2,10,1,10,1,10,1,9,0,8,1,7,1,5,1,4,2,1,3,0,4,-2,5,-4,7,-4,8,-6,10,-6,11,-6,11,-5,12,-5,12,-4,12,-4,10,-3,9,0,0,-2,4,-2,2,-2,-1,-3,-4,-4,-7,-5,-9,-6,-11,-7,-12,-8,-13,-9,-13,-10,-13,-10,-12,-9,-11,-9,-10,-9,-9,-7,-7,-5,-5,-3,-4,0,-2,3,-1,6,0,8,1,11,2,13,2,13,2,13,2,0,0,0,0,0,0,0,0,0,0]
CSI_DATA,2503,68:dd:b7:b0:aa:3f,-38,11,1,7,1,1,1,1,1,0,0,-97,0,11,2,105351712,0,67,0,128,0,[0,0,0,0,0,0,0,0,0,0,0,0,-1,0,-3,2,-5,3,-6,4,-7,6,-7,7,-8,7,-8,8,-7,7,-7,6,-6,5,-5,4,-4,1,-4,-1,-3,-3,-3,-5,-3,-7,-4,-9,-4,-10,-5,-12,-5,-12,-6,-12,-6,-13,-6,-12,-6,-10,-5,-9,0,0,-3,-5,-1,-3,1,-1,3,1,6,2,8,4,10,5,11,5,13,5,14,6,14,5,14,4,13,4,12,3,11,2,8,1,6,1,3,1,0,1,-3,1,-6,1,-9,2,-11,2,-13,2,-14,2,-14,2,0,0,0,0,0,0,0,0,0,0]
CSI_DATA,2504,68:dd:b7:b0:aa:3f,-38,11,1,7,1,1,1,1,1,0,0,-97,0,11,2,105351830,0,84,0,128,0,[0,0,0,0,0,0,0,0,0,0,0,0,-1,-1,-1,-4,-1,-6,-1,-8,-2,-10,-3,-10,-3,-11,-3,-11,-3,-10,-3,-9,-2,-8,-1,-7,0,-5,1,-3,3,-1,5,0,7,1,8,2,10,3,12,3,13,3,13,3,12,2,12,1,11,1,9,1,0,0,5,0,2,0,-1,1,-4,2,-7,3,-9,4,-11,5,-13,6,-13,6,-14,7,-14,8,-14,8,-13,8,-11,7,-10,6,-8,5,-6,3,-4,1,-2,-1,0,-4,2,-6,3,-9,5,-11,6,-13,6,-13,6,-13,0,0,0,0,0,0,0,0,0,0]
CSI_DATA,2505,68:dd:b7:b0:aa:3f,-39,11,1,7,1,1,1,1,1,0,0,-97,0,11,2,105426610,0,84,0,128,0,[0,0,0,0,0,0,0,0,0,0,0,0,9,-6,8,-7,7,-6,7,-5,5,-4,5,-2,4,0,3,2,2,4,2,6,2,8,2,9,2,10,2,11,2,10,2,10,2,9,1,8,0,6,-1,4,-2,2,-3,1,-5,-1,-7,-3,-9,-4,-11,-4,0,0,-14,-5,-14,-6,-15,-6,-15,-5,-14,-4,-12,-3,-10,-2,-8,-2,-5,-1,-2,-1,1,-2,4,-2,6,-2,9,-3,10,-4,12,-5,13,-6,14,-7,14,-8,13,-9,12,-8,10,-7,8,-6,6,-5,4,-3,2,-1,0,0,0,0,0,0,0,0,0,0]
CSI_DATA,2506,68:dd:b7:b0:aa:3f,-38,11,1,7,1,1,1,1,1,0,0,-97,0,11,2,105427463,0,67,0,128,0,[0,0,0,0,0,0,0,0,0,0,0,0,1,0,1,2,1,4,2,6,2,8,3,9,3,9,3,9,3,9,3,8,2,7,1,6,0,4,-2,3,-4,1,-6,0,-8,0,-10,-1,-11,-2,-13,-2,-13,-2,-14,-2,-13,-1,-13,0,-11,0,-10,0,0,0,-5,-1,-3,-2,0,-3,3,-4,5,-5,8,-6,9,-8,10,-9,11,-10,10,-11,10,-11,10,-11,9,-11,8,-10,6,-8,4,-7,3,-5,1,-2,0,0,-1,3,-2,6,-3,9,-3,11,-3,13,-3,13,-3,13,0,0,0,0,0,0,0,0,0,0]
CSI_DATA,2507,68:dd:b7:b0:aa:3f,-39,11,1,7,1,1,1,1,1,0,0,-97,0,11,2,105498773,0,84,0,128,0,[0,0,0,0,0,0,0,0,0,0,0,0,-9,-6,-9,-6,-8,-5,-7,-4,-5,-4,-4,-3,-2,-3,1,-2,3,-3,5,-2,7,-2,8,-3,9,-3,10,-3,10,-3,10,-3,9,-3,8,-3,6,-2,4,-2,2,0,0,1,-2,3,-4,4,-5,6,-6,7,0,0,-8,10,-9,11,-9,11,-9,11,-8,11,-7,10,-6,8,-4,6,-3,4,-2,2,-1,-1,0,-4,1,-6,1,-8,2,-10,2,-12,2,-14,2,-15,2,-16,1,-15,2,-15,1,-13,1,-11,1,-9,1,-6,1,-4,0,0,0,0,0,0,0,0,0,0]
CSI_DATA,2508,68:dd:b7:b0:aa:3f,-39,11,1,7,1,1,1,1,1,0,0,-97,0,11,2,105499262,0,67,0,128,0,[0,0,0,0,0,0,0,0,0,0,0,0,3,-10,2,-10,2,-9,2,-8,2,-6,1,-4,1,-2,2,0,2,2,3,4,4,6,4,8,4,9,5,9,5,9,6,9,5,8,4,7,3,5,1,4,0,2,-2,1,-4,-1,-6,-2,-8,-3,-10,-4,0,0,-13,-5,-14,-5,-14,-5,-15,-5,-14,-4,-12,-4,-11,-3,-8,-2,-6,-2,-3,-1,-1,-1,2,-1,5,-1,8,-1,10,-2,12,-2,13,-2,15,-3,15,-3,15,-3,14,-3,13,-3,11,-2,8,-2,6,-1,3,0,0,0,0,0,0,0,0,0,0,0]
CSI_DATA,2509,68:dd:b7:b0:aa:3f,-37,11,1,7,1,1,1,1,1,0,0,-97,0,11,2,105573143,0,84,0,128,0,[0,0,0,0,0,0,0,0,0,0,0,0,-3,-1,-3,-3,-4,-5,-5,-7,-5,-8,-6,-9,-6,-9,-6,-9,-6,-9,-5,-8,-4,-7,-2,-6,-1,-4,1,-3,3,-2,5,-1,8,0,9,0,12,0,13,0,13,0,13,-1,13,-1,13,-1,11,-1,9,-1,0,0,4,0,2,0,-1,1,-4,2,-7,4,-9,5,-11,7,-13,8,-12,8,-13,9,-13,10,-12,10,-11,9,-10,8,-8,7,-7,6,-4,4,-3,2,-1,-1,0,-4,2,-7,3,-9,4,-11,5,-13,5,-13,5,-14,0,0,0,0,0,0,0,0,0,0]
CSI_DATA,2510,68:dd:b7:b0:aa:3f,-38,11,1,7,1,1,1,1,1,0,0,-97,0,11,2,105575360,0,67,0,128,0,[0,0,0,0,0,0,0,0,0,0,0,0,3,-10,3,-10,3,-9,2,-8,3,-6,3,-4,3,-2,4,1,5,2,6,4,7,5,8,7,9,7,9,7,9,7,9,6,8,5,7,5,5,4,2,3,0,2,-3,2,-5,2,-8,2,-10,2,-12,3,0,0,-16,4,-16,4,-16,5,-16,6,-14,5,-12,5,-10,4,-7,3,-5,2,-2,0,0,-2,2,-4,4,-7,5,-9,6,-11,7,-13,8,-14,8,-15,7,-16,6,-16,6,-15,4,-13,3,-11,2,-8,2,-6,1,-3,0,0,0,0,0,0,0,0,0,0]
CSI_DATA,2511,68:dd:b7:b0:aa:3f,-38,11,1,7,1,1,1,1,1,0,0,-97,0,11,2,105645191,0,84,0,128,0,[0,0,0,0,0,0,0,0,0,0,0,0,-1,-1,-1,-3,-1,-5,-1,-7,-2,-8,-2,-9,-2,-9,-3,-9,-2,-9,-2,-8,-2,-7,-1,-6,1,-3,2,-2,4,0,5,1,7,2,9,3,10,4,12,4,12,3,12,4,12,3,12,3,10,2,9,1,0,0,4,1,1,0,-3,1,-5,1,-8,2,-11,2,-13,3,-15,4,-15,4,-16,5,-16,5,-16,6,-14,5,-12,5,-11,4,-8,3,-6,2,-3,0,-1,-2,2,-4,4,-6,7,-8,8,-10,9,-11,10,-11,10,-11,0,0,0,0,0,0,0,0,0,0]
CSI_DATA,2512,68:dd:b7:b0:aa:3f,-38,11,1,7,1,1,1,1,1,0,0,-97,0,11,2,105645743,0,67,0,128,0,[0,0,0,0,0,0,0,0,0,0,0,0,-2,0,-3,-1,-4,-2,-6,-3,-7,-4,-8,-3,-8,-4,-9,-3,-8,-3,-7,-3,-6,-3,-4,-3,-2,-3,0,-4,2,-4,4,-5,6,-5,8,-6,9,-6,10,-7,10,-8,10,-7,10,-8,9,-8,7,-7,6,-6,0,0,3,-3,1,0,-1,2,-3,4,-4,7,-6,9,-7,11,-7,12,-7,14,-7,14,-6,14,-6,14,-5,13,-5,11,-4,9,-3,7,-2,4,-2,1,-1,-2,-1,-5,-1,-8,0,-11,0,-13,0,-14,0,-16,0,-15,0,0,0,0,0,0,0,0,0,0]
CSI_DATA,2513,68:dd:b7:b0:aa:3f,-39,11,1,7,1,1,1,1,1,0,0,-97,0,11,2,105720608,0,84,0,128,0,[0,0,0,0,0,0,0,0,0,0,0,0,5,6,6,6,5,5,5,4,3,4,2,3,1,3,-1,3,-3,3,-5,4,-6,4,-7,5,-8,6,-8,6,-8,6,-8,6,-7,6,-6,5,-5,4,-4,2,-4,0,-3,-2,-3,-4,-3,-7,-4,-8,-5,-10,0,0,-6,-12,-7,-13,-8,-13,-8,-12,-8,-11,-8,-10,-6,-8,-5,-6,-3,-5,-1,-3,1,-2,4,-1,6,0,9,0,11,0,13,0,14,0,15,-1,15,-2,15,-2,14,-3,12,-3,10,-2,8,-1,5,0,3,1,0,0,0,0,0,0,0,0,0,0]
CSI_DATA,2514,68:dd:b7:b0:aa:3f,-38,11,1,7,1,1,1,1,1,0,0,-97,0,11,2,105720726,0,67,0,128,0,[0,0,0,0,0,0,0,0,0,0,0,0,0,-1,1,0,3,2,4,3,6,4,6,4,7,4,8,3,8,3,7,3,6,2,4,3,3,3,1,3,-1,4,-2,5,-4,6,-5,7,-6,8,-6,9,-6,10,-6,11,-5,11,-5,10,-4,9,-3,8,0,0,-3,4,-3,1,-3,-2,-4,-4,-5,-7,-6,-9,-7,-10,-8,-12,-10,-12,-10,-11,-11,-11,-11,-11,-11,-10,-10,-9,-9,-7,-7,-6,-4,-5,-2,-3,1,-3,4,-2,7,-2,10,-2,12,-2,13,-2,14,-3,14,-3,0,0,0,0,0,0,0,0,0,0]
CSI_DATA,2515,68:dd:b7:b0:aa:3f,-38,11,1,7,1,1,1,1,1,0,1,-97,0,11,2,105792977,0,84,0,128,0,[0,0,0,0,0,0,0,0,0,0,0,0,-9,-5,-9,-4,-9,-3,-8,-3,-7,-2,-6,-2,-4,-3,-2,-4,-1,-4,1,-6,1,-7,2,-8,2,-9,2,-10,2,-10,2,-10,1,-10,1,-9,1,-7,1,-5,2,-4,3,-2,4,0,5,1,7,3,9,3,0,0,12,4,13,3,13,3,13,2,13,2,11,1,9,1,7,1,5,1,2,2,0,2,-2,4,-4,5,-6,7,-7,8,-7,10,-8,12,-8,13,-7,13,-7,13,-6,12,-5,11,-4,9,-4,7,-4,4,-3,1,0,0,0,0,0,0,0,0,0,0]
CSI_DATA,2516,68:dd:b7:b0:aa:3f,-39,11,1,7,1,1,1,1,1,0,1,-97,0,11,2,105829442,0,67,0,128,0,[0,0,0,0,0,0,0,0,0,0,0,0,-10,2,-10,2,-9,3,-8,3,-7,2,-6,1,-5,0,-5,-2,-4,-3,-4,-5,-4,-6,-4,-8,-4,-9,-5,-10,-5,-9,-5,-9,-5,-8,-4,-7,-3,-6,-2,-5,0,-4,2,-4,4,-3,6,-3,8,-4,9,-4,0,0,11,-6,12,-7,12,-7,11,-7,10,-7,9,-7,7,-6,5,-4,4,-3,2,0,1,2,0,5,0,7,0,9,1,11,1,12,2,14,3,14,4,14,4,13,4,12,4,11,3,8,2,6,0,4,-1,2,0,0,0,0,0,0,0,0,0,0]
CSI_DATA,2517,68:dd:b7:b0:aa:3f,-38,11,1,7,1,1,1,1,1,0,1,-97,0,11,2,105830141,0,84,0,128,0,[0,0,0,0,0,0,0,0,0,0,0,0,0,-3,1,-1,2,1,3,3,5,3,5,4,6,4,7,4,7,4,7,3,6,3,5,3,3,3,2,3,0,4,-1,5,-3,6,-3,7,-4,8,-5,9,-5,10,-4,11,-4,10,-3,10,-3,9,-2,8,0,0,-3,4,-3,2,-4,-1,-5,-3,-7,-5,-8,-6,-10,-7,-11,-8,-12,-8,-13,-7,-13,-6,-13,-6,-12,-5,-11,-4,-9,-3,-7,-2,-5,-3,-2,-3,0,-3,3,-4,5,-5,8,-7,9,-8,10,-9,10,-10,9,-10,0,0,0,0,0,0,0,0,0,0]
CSI_DATA,2518,68:dd:b7:b0:aa:3f,-39,11,1,7,1,1,1,1,1,0,1,-97,0,11,2,105901736,0,84,0,128,0,[0,0,0,0,0,0,0,0,0,0,0,0,5,-8,5,-8,5,-7,5,-5,4,-4,4,-2,4,0,4,2,5,4,5,6,5,7,5,9,5,9,5,10,5,9,4,8,4,7,2,6,1,4,-1,2,-2,1,-4,-1,-6,-3,-8,-4,-10,-6,-12,-6,0,0,-15,-7,-15,-7,-15,-7,-15,-6,-13,-5,-12,-4,-10,-3,-7,-2,-5,-1,-1,0,2,0,5,1,7,1,10,1,12,1,14,0,15,0,16,-1,17,-1,16,-2,15,-2,13,-2,10,-2,8,-2,5,-1,2,-1,0,0,0,0,0,0,0,0,0,0]
CSI_DATA,2519,68:dd:b7:b0:aa:3f,-39,11,1,7,1,1,1,1,1,0,1,-97,0,11,2,105902171,0,67,0,128,0,[0,0,0,0,0,0,0,0,0,0,0,0,7,-6,7,-6,6,-5,6,-4,5,-2,5,0,4,2,3,4,3,6,2,7,2,9,2,10,1,11,1,11,1,10,1,9,0,8,0,6,-1,4,-2,2,-3,0,-3,-3,-5,-4,-7,-7,-8,-9,-9,-10,0,0,-12,-12,-12,-12,-12,-12,-12,-11,-11,-10,-10,-8,-8,-6,-6,-4,-4,-2,-1,-1,1,1,4,3,6,4,9,5,11,6,13,6,14,6,15,6,16,5,16,4,14,4,12,3,10,2,8,1,5,1,2,0,0,0,0,0,0,0,0,0,0,0]
CSI_DATA,2520,68:dd:b7:b0:aa:3f,-40,11,1,7,1,1,1,1,1,0,1,-97,0,11,2,105974665,0,84,0,128,0,[0,0,0,0,0,0,0,0,0,0,0,0,-3,-10,-4,-10,-4,-9,-4,-8,-3,-7,-3,-6,-1,-4,0,-3,2,-2,4,-1,5,0,7,0,8,0,8,0,9,0,9,0,9,-1,8,-1,6,0,4,0,2,0,1,1,-1,2,-3,4,-4,5,-6,7,0,0,-8,9,-7,10,-7,11,-7,11,-7,11,-6,10,-5,8,-4,7,-3,4,-2,2,-2,0,-2,-3,-1,-5,-2,-8,-2,-9,-2,-11,-3,-12,-3,-14,-4,-14,-4,-14,-4,-13,-4,-12,-3,-10,-3,-8,-1,-6,0,-4,0,0,0,0,0,0,0,0,0,0]
CSI_DATA,2521,68:dd:b7:b0:aa:3f,-39,11,1,7,1,1,1,1,1,0,1,-97,0,11,2,105978296,0,67,0,128,0,[0,0,0,0,0,0,0,0,0,0,0,0,-2,-2,0,-1,1,1,3,2,5,3,6,3,7,3,8,3,8,3,7,3,7,2,5,2,4,2,2,2,0,3,-2,4,-4,5,-5,6,-6,7,-7,7,-7,8,-7,9,-6,9,-6,9,-6,8,-5,7,0,0,-3,4,-3,1,-2,-1,-2,-3,-2,-6,-2,-9,-3,-10,-4,-12,-4,-13,-5,-13,-6,-13,-6,-13,-5,-12,-5,-11,-5,-9,-4,-8,-3,-6,-1,-4,1,-2,3,0,5,1,7,3,9,4,10,5,11,5,11,5,0,0,0,0,0,0,0,0,0,0]
CSI_DATA,2522,68:dd:b7:b0:aa:3f,-40,11,1,7,1,1,1,1,1,0,0,-97,0,11,2,106045981,0,84,0,128,0,[0,0,0,0,0,0,0,0,0,0,0,0,-10,2,-10,2,-9,2,-8,1,-7,0,-7,-1,-5,-3,-5,-4,-4,-6,-3,-7,-2,-9,-2,-10,-1,-11,-1,-11,-1,-10,-1,-10,-1,-9,0,-7,1,-5,1,-3,3,-1,3,1,5,2,7,4,8,6,9,6,0,0,12,7,12,8,12,8,12,6,11,6,9,4,7,3,5,2,3,0,0,0,-3,-1,-6,-2,-8,-2,-10,-2,-12,-1,-14,-1,-15,0,-16,1,-17,2,-16,2,-15,3,-13,2,-11,2,-8,2,-6,1,-3,0,0,0,0,0,0,0,0,0,0,0]
CSI_DATA,2523,68:dd:b7:b0:aa:3f,-40,11,1,7,1,1,1,1,1,0,0,-97,0,11,2,106046434,0,67,0,128,0,[0,0,0,0,0,0,0,0,0,0,0,0,-7,7,-7,6,-7,6,-7,5,-6,3,-6,1,-6,0,-6,-3,-6,-5,-6,-6,-6,-7,-6,-8,-6,-9,-6,-9,-5,-9,-5,-8,-4,-8,-3,-7,-1,-5,0,-4,2,-2,4,-1,6,0,8,1,10,2,12,2,0,0,14,3,14,2,14,2,14,1,12,1,10,0,8,0,6,0,3,-1,0,-1,-3,0,-6,0,-9,1,-11,2,-13,3,-14,4,-15,4,-15,6,-15,6,-15,7,-14,7,-12,6,-9,5,-7,4,-5,3,-3,1,0,0,0,0,0,0,0,0,0,0]
